alert_id,vehicle_id,alert_date,alert_type,severity,resolved,fault_code,alert_year,alert_month,status
1,VH052,2021-01-01,Overheating,MEDIUM,1,P0300,2021,1,Resolved
2,VH202,2021-01-01,Oil Level Low,MEDIUM,1,UNKNOWN,2021,1,Resolved
3,VH360,2021-01-02,Oil Level Low,MEDIUM,0,UNKNOWN,2021,1,Open
4,VH046,2021-01-02,Brake Wear,LOW,1,P0217,2021,1,Resolved
5,VH059,2021-01-03,Battery Low,MEDIUM,1,B0020,2021,1,Resolved
6,VH174,2021-01-03,Oil Level Low,LOW,1,UNKNOWN,2021,1,Resolved
7,VH032,2021-01-04,Engine Warning,HIGH,0,UNKNOWN,2021,1,Open
8,VH149,2021-01-04,Battery Low,LOW,1,UNKNOWN,2021,1,Resolved
9,VH285,2021-01-05,Abs Fault,MEDIUM,1,B0020,2021,1,Resolved
10,VH414,2021-01-05,Engine Warning,MEDIUM,0,UNKNOWN,2021,1,Open
11,VH121,2021-01-06,Battery Low,LOW,1,P0300,2021,1,Resolved
12,VH263,2021-01-06,Engine Warning,HIGH,1,P0420,2021,1,Resolved
13,VH042,2021-01-07,Engine Warning,MEDIUM,1,C0031,2021,1,Resolved
14,VH477,2021-01-07,Battery Low,HIGH,1,P0420,2021,1,Resolved
15,VH255,2021-01-08,Brake Wear,HIGH,1,C0031,2021,1,Resolved
16,VH330,2021-01-08,Engine Warning,HIGH,1,P0217,2021,1,Resolved
17,VH178,2021-01-09,Battery Low,HIGH,1,C0031,2021,1,Resolved
18,VH086,2021-01-09,Overheating,MEDIUM,0,C0031,2021,1,Open
19,VH017,2021-01-10,Abs Fault,LOW,0,P0217,2021,1,Open
20,VH402,2021-01-10,Overheating,HIGH,0,B0020,2021,1,Open
21,VH238,2021-01-11,Abs Fault,MEDIUM,1,C0031,2021,1,Resolved
22,VH133,2021-01-11,Brake Wear,HIGH,1,P0217,2021,1,Resolved
23,VH445,2021-01-12,Battery Low,MEDIUM,1,C0031,2021,1,Resolved
24,VH423,2021-01-12,Abs Fault,MEDIUM,1,P0420,2021,1,Resolved
25,VH209,2021-01-13,Brake Wear,LOW,1,P0217,2021,1,Resolved
26,VH354,2021-01-13,Abs Fault,HIGH,1,P0300,2021,1,Resolved
27,VH196,2021-01-14,Engine Warning,MEDIUM,1,UNKNOWN,2021,1,Resolved
28,VH425,2021-01-14,Abs Fault,MEDIUM,1,C0031,2021,1,Resolved
29,VH072,2021-01-15,Abs Fault,HIGH,1,C0031,2021,1,Resolved
30,VH026,2021-01-15,Overheating,LOW,0,P0420,2021,1,Open
31,VH089,2021-01-16,Brake Wear,HIGH,1,P0420,2021,1,Resolved
32,VH484,2021-01-16,Engine Warning,MEDIUM,0,P0300,2021,1,Open
33,VH235,2021-01-17,Overheating,HIGH,0,P0217,2021,1,Open
34,VH039,2021-01-17,Brake Wear,HIGH,1,UNKNOWN,2021,1,Resolved
35,VH459,2021-01-18,Engine Warning,MEDIUM,1,P0300,2021,1,Resolved
36,VH323,2021-01-18,Abs Fault,MEDIUM,0,P0300,2021,1,Open
37,VH044,2021-01-19,Oil Level Low,MEDIUM,1,B0020,2021,1,Resolved
38,VH360,2021-01-19,Overheating,HIGH,1,UNKNOWN,2021,1,Resolved
39,VH064,2021-01-20,Engine Warning,MEDIUM,0,P0300,2021,1,Open
40,VH476,2021-01-20,Oil Level Low,LOW,0,C0031,2021,1,Open
41,VH423,2021-01-21,Brake Wear,MEDIUM,0,P0300,2021,1,Open
42,VH184,2021-01-21,Oil Level Low,MEDIUM,1,UNKNOWN,2021,1,Resolved
43,VH473,2021-01-22,Abs Fault,LOW,1,P0420,2021,1,Resolved
44,VH086,2021-01-22,Overheating,MEDIUM,0,P0420,2021,1,Open
45,VH397,2021-01-23,Battery Low,HIGH,0,UNKNOWN,2021,1,Open
46,VH388,2021-01-23,Brake Wear,MEDIUM,0,C0031,2021,1,Open
47,VH284,2021-01-24,Oil Level Low,LOW,1,B0020,2021,1,Resolved
48,VH083,2021-01-24,Engine Warning,LOW,1,P0300,2021,1,Resolved
49,VH259,2021-01-25,Battery Low,LOW,0,P0217,2021,1,Open
50,VH254,2021-01-25,Battery Low,LOW,1,P0420,2021,1,Resolved
51,VH283,2021-01-26,Brake Wear,MEDIUM,1,C0031,2021,1,Resolved
52,VH189,2021-01-26,Oil Level Low,LOW,0,P0217,2021,1,Open
53,VH331,2021-01-27,Overheating,MEDIUM,1,UNKNOWN,2021,1,Resolved
54,VH134,2021-01-27,Oil Level Low,MEDIUM,1,P0300,2021,1,Resolved
55,VH304,2021-01-28,Oil Level Low,MEDIUM,1,P0300,2021,1,Resolved
56,VH223,2021-01-28,Brake Wear,HIGH,1,P0300,2021,1,Resolved
57,VH056,2021-01-29,Brake Wear,HIGH,1,P0217,2021,1,Resolved
58,VH029,2021-01-29,Engine Warning,HIGH,1,P0300,2021,1,Resolved
59,VH200,2021-01-30,Overheating,MEDIUM,1,B0020,2021,1,Resolved
60,VH331,2021-01-30,Brake Wear,LOW,1,P0217,2021,1,Resolved
61,VH120,2021-01-31,Engine Warning,LOW,1,P0420,2021,1,Resolved
62,VH457,2021-01-31,Abs Fault,HIGH,0,UNKNOWN,2021,1,Open
63,VH287,2021-02-01,Battery Low,MEDIUM,1,B0020,2021,2,Resolved
64,VH321,2021-02-01,Engine Warning,MEDIUM,1,C0031,2021,2,Resolved
65,VH071,2021-02-02,Overheating,MEDIUM,0,P0300,2021,2,Open
66,VH330,2021-02-02,Engine Warning,LOW,1,C0031,2021,2,Resolved
67,VH137,2021-02-03,Abs Fault,LOW,1,P0420,2021,2,Resolved
68,VH063,2021-02-03,Engine Warning,LOW,0,C0031,2021,2,Open
69,VH077,2021-02-04,Brake Wear,HIGH,1,P0420,2021,2,Resolved
70,VH283,2021-02-04,Overheating,LOW,0,C0031,2021,2,Open
71,VH018,2021-02-05,Engine Warning,LOW,0,P0420,2021,2,Open
72,VH400,2021-02-05,Oil Level Low,LOW,1,P0217,2021,2,Resolved
73,VH388,2021-02-06,Engine Warning,MEDIUM,1,P0217,2021,2,Resolved
74,VH478,2021-02-06,Battery Low,LOW,1,UNKNOWN,2021,2,Resolved
75,VH166,2021-02-07,Battery Low,HIGH,1,UNKNOWN,2021,2,Resolved
76,VH148,2021-02-07,Engine Warning,LOW,1,C0031,2021,2,Resolved
77,VH425,2021-02-08,Abs Fault,MEDIUM,0,B0020,2021,2,Open
78,VH186,2021-02-08,Engine Warning,HIGH,1,B0020,2021,2,Resolved
79,VH076,2021-02-09,Oil Level Low,LOW,0,P0217,2021,2,Open
80,VH028,2021-02-09,Engine Warning,LOW,1,P0300,2021,2,Resolved
81,VH044,2021-02-10,Brake Wear,MEDIUM,0,P0300,2021,2,Open
82,VH321,2021-02-10,Overheating,MEDIUM,0,B0020,2021,2,Open
83,VH137,2021-02-11,Abs Fault,HIGH,1,C0031,2021,2,Resolved
84,VH362,2021-02-11,Oil Level Low,MEDIUM,1,B0020,2021,2,Resolved
85,VH113,2021-02-12,Engine Warning,HIGH,1,UNKNOWN,2021,2,Resolved
86,VH161,2021-02-12,Abs Fault,MEDIUM,0,P0217,2021,2,Open
87,VH245,2021-02-13,Brake Wear,MEDIUM,1,C0031,2021,2,Resolved
88,VH449,2021-02-13,Abs Fault,HIGH,1,P0217,2021,2,Resolved
89,VH106,2021-02-14,Engine Warning,MEDIUM,1,B0020,2021,2,Resolved
90,VH009,2021-02-14,Oil Level Low,MEDIUM,1,B0020,2021,2,Resolved
91,VH214,2021-02-15,Oil Level Low,LOW,0,P0217,2021,2,Open
92,VH318,2021-02-15,Battery Low,HIGH,1,C0031,2021,2,Resolved
93,VH457,2021-02-16,Battery Low,MEDIUM,1,C0031,2021,2,Resolved
94,VH325,2021-02-16,Engine Warning,MEDIUM,0,P0420,2021,2,Open
95,VH118,2021-02-17,Overheating,HIGH,1,P0217,2021,2,Resolved
96,VH386,2021-02-17,Brake Wear,LOW,1,B0020,2021,2,Resolved
97,VH206,2021-02-18,Battery Low,MEDIUM,1,P0217,2021,2,Resolved
98,VH204,2021-02-18,Battery Low,MEDIUM,1,P0217,2021,2,Resolved
99,VH029,2021-02-19,Overheating,LOW,1,P0300,2021,2,Resolved
100,VH208,2021-02-19,Abs Fault,LOW,1,P0420,2021,2,Resolved
101,VH304,2021-02-20,Oil Level Low,HIGH,0,C0031,2021,2,Open
102,VH073,2021-02-20,Engine Warning,MEDIUM,0,P0300,2021,2,Open
103,VH307,2021-02-21,Engine Warning,MEDIUM,0,P0420,2021,2,Open
104,VH288,2021-02-21,Brake Wear,MEDIUM,1,P0300,2021,2,Resolved
105,VH373,2021-02-22,Overheating,MEDIUM,1,P0420,2021,2,Resolved
106,VH408,2021-02-22,Abs Fault,LOW,0,P0420,2021,2,Open
107,VH373,2021-02-23,Overheating,HIGH,1,UNKNOWN,2021,2,Resolved
108,VH442,2021-02-23,Overheating,MEDIUM,0,P0217,2021,2,Open
109,VH404,2021-02-24,Oil Level Low,MEDIUM,1,P0420,2021,2,Resolved
110,VH340,2021-02-24,Overheating,HIGH,1,B0020,2021,2,Resolved
111,VH117,2021-02-25,Oil Level Low,MEDIUM,0,B0020,2021,2,Open
112,VH243,2021-02-25,Engine Warning,MEDIUM,1,B0020,2021,2,Resolved
113,VH234,2021-02-26,Oil Level Low,HIGH,1,B0020,2021,2,Resolved
114,VH427,2021-02-26,Engine Warning,LOW,1,P0300,2021,2,Resolved
115,VH372,2021-02-27,Brake Wear,MEDIUM,1,C0031,2021,2,Resolved
116,VH389,2021-02-27,Overheating,MEDIUM,0,C0031,2021,2,Open
117,VH468,2021-02-28,Brake Wear,LOW,1,UNKNOWN,2021,2,Resolved
118,VH208,2021-02-28,Overheating,HIGH,1,P0420,2021,2,Resolved
119,VH147,2021-03-01,Abs Fault,MEDIUM,0,C0031,2021,3,Open
120,VH332,2021-03-01,Brake Wear,MEDIUM,0,P0300,2021,3,Open
121,VH081,2021-03-02,Battery Low,MEDIUM,1,B0020,2021,3,Resolved
122,VH098,2021-03-02,Battery Low,MEDIUM,1,B0020,2021,3,Resolved
123,VH411,2021-03-03,Oil Level Low,HIGH,1,B0020,2021,3,Resolved
124,VH297,2021-03-03,Abs Fault,LOW,0,C0031,2021,3,Open
125,VH380,2021-03-04,Brake Wear,MEDIUM,1,UNKNOWN,2021,3,Resolved
126,VH474,2021-03-04,Overheating,LOW,1,P0217,2021,3,Resolved
127,VH242,2021-03-05,Engine Warning,LOW,0,P0217,2021,3,Open
128,VH290,2021-03-05,Oil Level Low,LOW,0,C0031,2021,3,Open
129,VH021,2021-03-06,Abs Fault,HIGH,1,UNKNOWN,2021,3,Resolved
130,VH170,2021-03-06,Oil Level Low,MEDIUM,1,UNKNOWN,2021,3,Resolved
131,VH105,2021-03-07,Abs Fault,LOW,0,UNKNOWN,2021,3,Open
132,VH067,2021-03-07,Battery Low,LOW,0,B0020,2021,3,Open
133,VH489,2021-03-08,Abs Fault,MEDIUM,0,C0031,2021,3,Open
134,VH100,2021-03-08,Brake Wear,HIGH,1,P0300,2021,3,Resolved
135,VH477,2021-03-09,Brake Wear,MEDIUM,1,P0217,2021,3,Resolved
136,VH237,2021-03-09,Abs Fault,MEDIUM,0,UNKNOWN,2021,3,Open
137,VH252,2021-03-10,Oil Level Low,HIGH,1,P0217,2021,3,Resolved
138,VH083,2021-03-10,Battery Low,LOW,1,UNKNOWN,2021,3,Resolved
139,VH021,2021-03-11,Engine Warning,MEDIUM,1,P0420,2021,3,Resolved
140,VH204,2021-03-11,Battery Low,MEDIUM,0,P0420,2021,3,Open
141,VH492,2021-03-12,Brake Wear,MEDIUM,0,P0420,2021,3,Open
142,VH471,2021-03-12,Engine Warning,HIGH,0,UNKNOWN,2021,3,Open
143,VH175,2021-03-13,Oil Level Low,MEDIUM,0,UNKNOWN,2021,3,Open
144,VH156,2021-03-13,Engine Warning,MEDIUM,1,C0031,2021,3,Resolved
145,VH191,2021-03-14,Oil Level Low,LOW,1,P0217,2021,3,Resolved
146,VH448,2021-03-14,Battery Low,MEDIUM,1,P0300,2021,3,Resolved
147,VH311,2021-03-15,Engine Warning,LOW,1,P0217,2021,3,Resolved
148,VH012,2021-03-15,Overheating,MEDIUM,1,UNKNOWN,2021,3,Resolved
149,VH386,2021-03-16,Brake Wear,HIGH,1,UNKNOWN,2021,3,Resolved
150,VH443,2021-03-16,Oil Level Low,HIGH,0,B0020,2021,3,Open
151,VH286,2021-03-17,Engine Warning,LOW,1,C0031,2021,3,Resolved
152,VH268,2021-03-17,Engine Warning,LOW,1,P0217,2021,3,Resolved
153,VH231,2021-03-18,Abs Fault,LOW,1,C0031,2021,3,Resolved
154,VH167,2021-03-18,Overheating,MEDIUM,1,C0031,2021,3,Resolved
155,VH274,2021-03-19,Abs Fault,MEDIUM,0,P0300,2021,3,Open
156,VH378,2021-03-19,Abs Fault,MEDIUM,1,B0020,2021,3,Resolved
157,VH249,2021-03-20,Abs Fault,LOW,1,UNKNOWN,2021,3,Resolved
158,VH382,2021-03-20,Battery Low,HIGH,0,UNKNOWN,2021,3,Open
159,VH280,2021-03-21,Overheating,MEDIUM,0,P0300,2021,3,Open
160,VH140,2021-03-21,Engine Warning,HIGH,0,C0031,2021,3,Open
161,VH338,2021-03-22,Brake Wear,HIGH,1,C0031,2021,3,Resolved
162,VH134,2021-03-22,Engine Warning,HIGH,0,P0300,2021,3,Open
163,VH264,2021-03-23,Engine Warning,MEDIUM,0,UNKNOWN,2021,3,Open
164,VH057,2021-03-23,Engine Warning,LOW,1,P0420,2021,3,Resolved
165,VH305,2021-03-24,Abs Fault,MEDIUM,1,UNKNOWN,2021,3,Resolved
166,VH143,2021-03-24,Overheating,MEDIUM,0,P0300,2021,3,Open
167,VH236,2021-03-25,Overheating,MEDIUM,0,C0031,2021,3,Open
168,VH007,2021-03-25,Oil Level Low,HIGH,1,C0031,2021,3,Resolved
169,VH221,2021-03-26,Oil Level Low,MEDIUM,0,B0020,2021,3,Open
170,VH058,2021-03-26,Abs Fault,HIGH,1,C0031,2021,3,Resolved
171,VH309,2021-03-27,Abs Fault,HIGH,1,UNKNOWN,2021,3,Resolved
172,VH409,2021-03-27,Oil Level Low,HIGH,1,P0217,2021,3,Resolved
173,VH205,2021-03-28,Engine Warning,MEDIUM,1,UNKNOWN,2021,3,Resolved
174,VH445,2021-03-28,Oil Level Low,HIGH,0,P0217,2021,3,Open
175,VH224,2021-03-29,Oil Level Low,MEDIUM,0,C0031,2021,3,Open
176,VH140,2021-03-29,Battery Low,MEDIUM,0,P0300,2021,3,Open
177,VH112,2021-03-30,Abs Fault,LOW,1,UNKNOWN,2021,3,Resolved
178,VH025,2021-03-30,Abs Fault,HIGH,1,UNKNOWN,2021,3,Resolved
179,VH147,2021-03-31,Overheating,MEDIUM,1,P0217,2021,3,Resolved
180,VH298,2021-03-31,Oil Level Low,LOW,1,C0031,2021,3,Resolved
181,VH247,2021-04-01,Overheating,HIGH,1,C0031,2021,4,Resolved
182,VH080,2021-04-01,Brake Wear,LOW,0,P0217,2021,4,Open
183,VH012,2021-04-02,Abs Fault,HIGH,0,C0031,2021,4,Open
184,VH188,2021-04-02,Battery Low,MEDIUM,1,P0300,2021,4,Resolved
185,VH483,2021-04-03,Brake Wear,HIGH,1,UNKNOWN,2021,4,Resolved
186,VH036,2021-04-03,Abs Fault,MEDIUM,1,P0420,2021,4,Resolved
187,VH152,2021-04-04,Overheating,LOW,0,UNKNOWN,2021,4,Open
188,VH289,2021-04-04,Overheating,MEDIUM,0,P0217,2021,4,Open
189,VH420,2021-04-05,Brake Wear,HIGH,0,P0217,2021,4,Open
190,VH132,2021-04-05,Oil Level Low,LOW,1,C0031,2021,4,Resolved
191,VH483,2021-04-06,Battery Low,MEDIUM,0,UNKNOWN,2021,4,Open
192,VH434,2021-04-06,Overheating,LOW,0,P0217,2021,4,Open
193,VH056,2021-04-07,Engine Warning,HIGH,1,C0031,2021,4,Resolved
194,VH118,2021-04-07,Battery Low,HIGH,1,C0031,2021,4,Resolved
195,VH370,2021-04-08,Brake Wear,MEDIUM,1,UNKNOWN,2021,4,Resolved
196,VH264,2021-04-08,Overheating,LOW,0,UNKNOWN,2021,4,Open
197,VH189,2021-04-09,Overheating,LOW,1,C0031,2021,4,Resolved
198,VH008,2021-04-09,Abs Fault,MEDIUM,0,B0020,2021,4,Open
199,VH135,2021-04-10,Brake Wear,MEDIUM,0,B0020,2021,4,Open
200,VH360,2021-04-10,Engine Warning,MEDIUM,0,P0300,2021,4,Open
201,VH409,2021-04-11,Abs Fault,LOW,1,P0420,2021,4,Resolved
202,VH432,2021-04-11,Engine Warning,LOW,0,B0020,2021,4,Open
203,VH035,2021-04-12,Overheating,HIGH,1,P0300,2021,4,Resolved
204,VH079,2021-04-12,Oil Level Low,MEDIUM,1,C0031,2021,4,Resolved
205,VH146,2021-04-13,Engine Warning,LOW,0,C0031,2021,4,Open
206,VH267,2021-04-13,Engine Warning,MEDIUM,1,P0420,2021,4,Resolved
207,VH222,2021-04-14,Oil Level Low,MEDIUM,1,P0217,2021,4,Resolved
208,VH413,2021-04-14,Abs Fault,HIGH,1,B0020,2021,4,Resolved
209,VH087,2021-04-15,Engine Warning,LOW,1,B0020,2021,4,Resolved
210,VH255,2021-04-15,Oil Level Low,MEDIUM,1,C0031,2021,4,Resolved
211,VH098,2021-04-16,Brake Wear,LOW,1,P0300,2021,4,Resolved
212,VH467,2021-04-16,Abs Fault,LOW,1,UNKNOWN,2021,4,Resolved
213,VH272,2021-04-17,Battery Low,MEDIUM,0,P0420,2021,4,Open
214,VH006,2021-04-17,Battery Low,MEDIUM,0,UNKNOWN,2021,4,Open
215,VH233,2021-04-18,Brake Wear,HIGH,1,P0217,2021,4,Resolved
216,VH015,2021-04-18,Engine Warning,MEDIUM,0,P0217,2021,4,Open
217,VH329,2021-04-19,Battery Low,MEDIUM,0,UNKNOWN,2021,4,Open
218,VH029,2021-04-19,Brake Wear,MEDIUM,1,P0300,2021,4,Resolved
219,VH192,2021-04-20,Battery Low,HIGH,0,P0300,2021,4,Open
220,VH234,2021-04-20,Engine Warning,MEDIUM,0,P0420,2021,4,Open
221,VH066,2021-04-21,Abs Fault,LOW,0,C0031,2021,4,Open
222,VH367,2021-04-21,Oil Level Low,MEDIUM,0,UNKNOWN,2021,4,Open
223,VH097,2021-04-22,Brake Wear,LOW,0,UNKNOWN,2021,4,Open
224,VH230,2021-04-22,Abs Fault,MEDIUM,1,P0300,2021,4,Resolved
225,VH215,2021-04-23,Battery Low,LOW,1,P0217,2021,4,Resolved
226,VH120,2021-04-23,Engine Warning,LOW,1,P0217,2021,4,Resolved
227,VH141,2021-04-24,Abs Fault,MEDIUM,1,UNKNOWN,2021,4,Resolved
228,VH468,2021-04-24,Battery Low,LOW,0,P0217,2021,4,Open
229,VH071,2021-04-25,Engine Warning,HIGH,1,C0031,2021,4,Resolved
230,VH313,2021-04-25,Engine Warning,LOW,1,P0420,2021,4,Resolved
231,VH465,2021-04-26,Engine Warning,LOW,0,C0031,2021,4,Open
232,VH179,2021-04-26,Engine Warning,LOW,0,P0217,2021,4,Open
233,VH213,2021-04-27,Brake Wear,HIGH,1,B0020,2021,4,Resolved
234,VH028,2021-04-27,Abs Fault,HIGH,1,B0020,2021,4,Resolved
235,VH350,2021-04-28,Oil Level Low,HIGH,0,P0420,2021,4,Open
236,VH151,2021-04-28,Brake Wear,MEDIUM,0,P0217,2021,4,Open
237,VH125,2021-04-29,Battery Low,HIGH,1,UNKNOWN,2021,4,Resolved
238,VH341,2021-04-29,Brake Wear,MEDIUM,1,P0217,2021,4,Resolved
239,VH369,2021-04-30,Brake Wear,LOW,0,C0031,2021,4,Open
240,VH257,2021-04-30,Battery Low,MEDIUM,1,P0420,2021,4,Resolved
241,VH465,2021-05-01,Oil Level Low,HIGH,1,C0031,2021,5,Resolved
242,VH352,2021-05-01,Brake Wear,LOW,1,UNKNOWN,2021,5,Resolved
243,VH344,2021-05-02,Engine Warning,MEDIUM,1,P0217,2021,5,Resolved
244,VH199,2021-05-02,Brake Wear,HIGH,1,UNKNOWN,2021,5,Resolved
245,VH163,2021-05-03,Battery Low,MEDIUM,1,P0300,2021,5,Resolved
246,VH292,2021-05-03,Oil Level Low,MEDIUM,1,B0020,2021,5,Resolved
247,VH014,2021-05-04,Brake Wear,MEDIUM,0,P0217,2021,5,Open
248,VH184,2021-05-04,Brake Wear,HIGH,1,P0300,2021,5,Resolved
249,VH062,2021-05-05,Battery Low,LOW,0,B0020,2021,5,Open
250,VH396,2021-05-05,Overheating,MEDIUM,1,P0300,2021,5,Resolved
251,VH103,2021-05-06,Overheating,HIGH,0,P0420,2021,5,Open
252,VH343,2021-05-06,Abs Fault,HIGH,0,P0300,2021,5,Open
253,VH142,2021-05-07,Brake Wear,HIGH,1,UNKNOWN,2021,5,Resolved
254,VH190,2021-05-07,Abs Fault,LOW,1,P0300,2021,5,Resolved
255,VH118,2021-05-08,Engine Warning,MEDIUM,1,P0420,2021,5,Resolved
256,VH217,2021-05-08,Brake Wear,HIGH,1,P0300,2021,5,Resolved
257,VH022,2021-05-09,Abs Fault,HIGH,1,UNKNOWN,2021,5,Resolved
258,VH493,2021-05-09,Overheating,LOW,0,P0300,2021,5,Open
259,VH113,2021-05-10,Brake Wear,LOW,1,UNKNOWN,2021,5,Resolved
260,VH101,2021-05-10,Engine Warning,HIGH,1,UNKNOWN,2021,5,Resolved
261,VH029,2021-05-11,Oil Level Low,LOW,0,P0300,2021,5,Open
262,VH456,2021-05-11,Brake Wear,HIGH,1,P0420,2021,5,Resolved
263,VH075,2021-05-12,Battery Low,MEDIUM,1,B0020,2021,5,Resolved
264,VH350,2021-05-12,Engine Warning,HIGH,1,P0420,2021,5,Resolved
265,VH187,2021-05-13,Brake Wear,HIGH,1,UNKNOWN,2021,5,Resolved
266,VH342,2021-05-13,Overheating,MEDIUM,0,UNKNOWN,2021,5,Open
267,VH015,2021-05-14,Abs Fault,HIGH,1,UNKNOWN,2021,5,Resolved
268,VH149,2021-05-14,Brake Wear,MEDIUM,0,P0420,2021,5,Open
269,VH111,2021-05-15,Abs Fault,HIGH,0,P0300,2021,5,Open
270,VH089,2021-05-15,Overheating,LOW,1,P0300,2021,5,Resolved
271,VH247,2021-05-16,Battery Low,HIGH,1,UNKNOWN,2021,5,Resolved
272,VH333,2021-05-16,Oil Level Low,MEDIUM,1,UNKNOWN,2021,5,Resolved
273,VH071,2021-05-17,Overheating,MEDIUM,1,UNKNOWN,2021,5,Resolved
274,VH113,2021-05-17,Brake Wear,LOW,0,P0217,2021,5,Open
275,VH466,2021-05-18,Battery Low,LOW,0,P0300,2021,5,Open
276,VH396,2021-05-18,Engine Warning,LOW,1,P0300,2021,5,Resolved
277,VH317,2021-05-19,Brake Wear,LOW,1,P0217,2021,5,Resolved
278,VH047,2021-05-19,Abs Fault,MEDIUM,1,B0020,2021,5,Resolved
279,VH282,2021-05-20,Abs Fault,HIGH,1,P0217,2021,5,Resolved
280,VH069,2021-05-20,Abs Fault,LOW,1,P0420,2021,5,Resolved
281,VH243,2021-05-21,Engine Warning,LOW,1,P0217,2021,5,Resolved
282,VH456,2021-05-21,Abs Fault,HIGH,1,UNKNOWN,2021,5,Resolved
283,VH420,2021-05-22,Abs Fault,HIGH,1,P0217,2021,5,Resolved
284,VH183,2021-05-22,Overheating,MEDIUM,1,B0020,2021,5,Resolved
285,VH325,2021-05-23,Abs Fault,LOW,1,C0031,2021,5,Resolved
286,VH342,2021-05-23,Battery Low,HIGH,1,B0020,2021,5,Resolved
287,VH471,2021-05-24,Oil Level Low,MEDIUM,1,P0217,2021,5,Resolved
288,VH072,2021-05-24,Brake Wear,LOW,0,UNKNOWN,2021,5,Open
289,VH499,2021-05-25,Battery Low,LOW,1,P0420,2021,5,Resolved
290,VH403,2021-05-25,Battery Low,MEDIUM,0,C0031,2021,5,Open
291,VH162,2021-05-26,Oil Level Low,MEDIUM,0,P0300,2021,5,Open
292,VH454,2021-05-26,Abs Fault,MEDIUM,1,UNKNOWN,2021,5,Resolved
293,VH251,2021-05-27,Overheating,MEDIUM,0,UNKNOWN,2021,5,Open
294,VH191,2021-05-27,Abs Fault,MEDIUM,1,UNKNOWN,2021,5,Resolved
295,VH126,2021-05-28,Abs Fault,MEDIUM,0,P0217,2021,5,Open
296,VH178,2021-05-28,Oil Level Low,MEDIUM,1,P0300,2021,5,Resolved
297,VH241,2021-05-29,Oil Level Low,HIGH,1,P0420,2021,5,Resolved
298,VH273,2021-05-29,Oil Level Low,LOW,1,P0300,2021,5,Resolved
299,VH121,2021-05-30,Abs Fault,MEDIUM,1,B0020,2021,5,Resolved
300,VH081,2021-05-30,Engine Warning,MEDIUM,1,UNKNOWN,2021,5,Resolved
301,VH335,2021-05-31,Abs Fault,LOW,1,B0020,2021,5,Resolved
302,VH295,2021-05-31,Brake Wear,MEDIUM,1,UNKNOWN,2021,5,Resolved
303,VH101,2021-06-01,Oil Level Low,LOW,1,P0300,2021,6,Resolved
304,VH159,2021-06-01,Brake Wear,MEDIUM,0,C0031,2021,6,Open
305,VH406,2021-06-02,Abs Fault,LOW,1,B0020,2021,6,Resolved
306,VH058,2021-06-02,Abs Fault,LOW,0,UNKNOWN,2021,6,Open
307,VH025,2021-06-03,Oil Level Low,MEDIUM,1,B0020,2021,6,Resolved
308,VH275,2021-06-03,Overheating,HIGH,0,UNKNOWN,2021,6,Open
309,VH054,2021-06-04,Overheating,LOW,1,B0020,2021,6,Resolved
310,VH199,2021-06-04,Oil Level Low,MEDIUM,1,P0300,2021,6,Resolved
311,VH002,2021-06-05,Battery Low,HIGH,1,P0217,2021,6,Resolved
312,VH335,2021-06-05,Brake Wear,MEDIUM,1,P0217,2021,6,Resolved
313,VH022,2021-06-06,Overheating,LOW,0,B0020,2021,6,Open
314,VH494,2021-06-06,Engine Warning,HIGH,0,P0217,2021,6,Open
315,VH166,2021-06-07,Battery Low,MEDIUM,1,P0217,2021,6,Resolved
316,VH117,2021-06-07,Overheating,MEDIUM,0,P0217,2021,6,Open
317,VH263,2021-06-08,Battery Low,HIGH,0,UNKNOWN,2021,6,Open
318,VH361,2021-06-08,Abs Fault,HIGH,0,UNKNOWN,2021,6,Open
319,VH343,2021-06-09,Brake Wear,LOW,0,B0020,2021,6,Open
320,VH066,2021-06-09,Abs Fault,LOW,0,P0217,2021,6,Open
321,VH372,2021-06-10,Abs Fault,HIGH,1,C0031,2021,6,Resolved
322,VH289,2021-06-10,Battery Low,LOW,1,UNKNOWN,2021,6,Resolved
323,VH338,2021-06-11,Engine Warning,LOW,0,C0031,2021,6,Open
324,VH121,2021-06-11,Battery Low,MEDIUM,1,P0217,2021,6,Resolved
325,VH364,2021-06-12,Abs Fault,MEDIUM,0,P0420,2021,6,Open
326,VH135,2021-06-12,Overheating,MEDIUM,0,P0420,2021,6,Open
327,VH315,2021-06-13,Engine Warning,MEDIUM,0,C0031,2021,6,Open
328,VH216,2021-06-13,Abs Fault,MEDIUM,0,C0031,2021,6,Open
329,VH267,2021-06-14,Brake Wear,LOW,1,P0217,2021,6,Resolved
330,VH140,2021-06-14,Overheating,HIGH,1,B0020,2021,6,Resolved
331,VH146,2021-06-15,Brake Wear,LOW,1,C0031,2021,6,Resolved
332,VH485,2021-06-15,Abs Fault,HIGH,1,P0217,2021,6,Resolved
333,VH385,2021-06-16,Oil Level Low,LOW,1,C0031,2021,6,Resolved
334,VH445,2021-06-16,Overheating,MEDIUM,1,UNKNOWN,2021,6,Resolved
335,VH121,2021-06-17,Battery Low,LOW,1,C0031,2021,6,Resolved
336,VH257,2021-06-17,Brake Wear,LOW,0,P0217,2021,6,Open
337,VH283,2021-06-18,Battery Low,HIGH,0,P0217,2021,6,Open
338,VH247,2021-06-18,Abs Fault,LOW,1,P0300,2021,6,Resolved
339,VH073,2021-06-19,Engine Warning,LOW,1,B0020,2021,6,Resolved
340,VH449,2021-06-19,Brake Wear,MEDIUM,1,UNKNOWN,2021,6,Resolved
341,VH476,2021-06-20,Brake Wear,MEDIUM,0,P0300,2021,6,Open
342,VH332,2021-06-20,Engine Warning,HIGH,0,P0300,2021,6,Open
343,VH320,2021-06-21,Engine Warning,MEDIUM,1,P0300,2021,6,Resolved
344,VH049,2021-06-21,Engine Warning,MEDIUM,1,P0300,2021,6,Resolved
345,VH208,2021-06-22,Abs Fault,HIGH,1,UNKNOWN,2021,6,Resolved
346,VH369,2021-06-22,Engine Warning,MEDIUM,0,P0300,2021,6,Open
347,VH455,2021-06-23,Oil Level Low,MEDIUM,1,UNKNOWN,2021,6,Resolved
348,VH250,2021-06-23,Brake Wear,LOW,0,C0031,2021,6,Open
349,VH163,2021-06-24,Abs Fault,MEDIUM,1,P0300,2021,6,Resolved
350,VH441,2021-06-24,Abs Fault,MEDIUM,1,P0217,2021,6,Resolved
351,VH169,2021-06-25,Oil Level Low,HIGH,1,UNKNOWN,2021,6,Resolved
352,VH407,2021-06-25,Oil Level Low,MEDIUM,1,B0020,2021,6,Resolved
353,VH035,2021-06-26,Battery Low,MEDIUM,1,P0420,2021,6,Resolved
354,VH080,2021-06-26,Brake Wear,LOW,0,P0420,2021,6,Open
355,VH304,2021-06-27,Brake Wear,MEDIUM,0,C0031,2021,6,Open
356,VH170,2021-06-27,Abs Fault,MEDIUM,1,UNKNOWN,2021,6,Resolved
357,VH456,2021-06-28,Brake Wear,MEDIUM,1,P0300,2021,6,Resolved
358,VH240,2021-06-28,Brake Wear,LOW,1,P0217,2021,6,Resolved
359,VH336,2021-06-29,Engine Warning,MEDIUM,0,P0420,2021,6,Open
360,VH262,2021-06-29,Overheating,HIGH,1,P0300,2021,6,Resolved
361,VH356,2021-06-30,Battery Low,LOW,0,P0420,2021,6,Open
362,VH376,2021-06-30,Battery Low,MEDIUM,1,P0420,2021,6,Resolved
363,VH351,2021-07-01,Engine Warning,LOW,0,P0300,2021,7,Open
364,VH111,2021-07-01,Oil Level Low,HIGH,0,B0020,2021,7,Open
365,VH092,2021-07-02,Overheating,LOW,1,B0020,2021,7,Resolved
366,VH291,2021-07-02,Battery Low,HIGH,0,C0031,2021,7,Open
367,VH273,2021-07-03,Oil Level Low,LOW,0,P0217,2021,7,Open
368,VH175,2021-07-03,Brake Wear,LOW,1,P0300,2021,7,Resolved
369,VH286,2021-07-04,Abs Fault,HIGH,1,P0420,2021,7,Resolved
370,VH244,2021-07-04,Overheating,HIGH,0,B0020,2021,7,Open
371,VH009,2021-07-05,Overheating,LOW,1,P0217,2021,7,Resolved
372,VH279,2021-07-05,Abs Fault,HIGH,1,UNKNOWN,2021,7,Resolved
373,VH045,2021-07-06,Brake Wear,LOW,1,P0217,2021,7,Resolved
374,VH065,2021-07-06,Battery Low,HIGH,1,P0300,2021,7,Resolved
375,VH140,2021-07-07,Overheating,MEDIUM,1,P0300,2021,7,Resolved
376,VH337,2021-07-07,Engine Warning,HIGH,1,P0300,2021,7,Resolved
377,VH174,2021-07-08,Engine Warning,LOW,1,B0020,2021,7,Resolved
378,VH161,2021-07-08,Engine Warning,MEDIUM,1,C0031,2021,7,Resolved
379,VH128,2021-07-09,Abs Fault,MEDIUM,0,C0031,2021,7,Open
380,VH278,2021-07-09,Overheating,HIGH,1,C0031,2021,7,Resolved
381,VH010,2021-07-10,Battery Low,MEDIUM,1,P0217,2021,7,Resolved
382,VH346,2021-07-10,Abs Fault,MEDIUM,1,UNKNOWN,2021,7,Resolved
383,VH398,2021-07-11,Oil Level Low,HIGH,0,B0020,2021,7,Open
384,VH217,2021-07-11,Battery Low,LOW,1,P0300,2021,7,Resolved
385,VH495,2021-07-12,Oil Level Low,HIGH,1,P0300,2021,7,Resolved
386,VH139,2021-07-12,Overheating,MEDIUM,0,P0420,2021,7,Open
387,VH403,2021-07-13,Brake Wear,MEDIUM,0,P0420,2021,7,Open
388,VH235,2021-07-13,Oil Level Low,HIGH,1,P0420,2021,7,Resolved
389,VH307,2021-07-14,Oil Level Low,HIGH,1,P0217,2021,7,Resolved
390,VH028,2021-07-14,Battery Low,MEDIUM,0,C0031,2021,7,Open
391,VH283,2021-07-15,Overheating,MEDIUM,1,B0020,2021,7,Resolved
392,VH247,2021-07-15,Battery Low,LOW,1,C0031,2021,7,Resolved
393,VH395,2021-07-16,Overheating,MEDIUM,0,UNKNOWN,2021,7,Open
394,VH150,2021-07-16,Oil Level Low,LOW,1,P0420,2021,7,Resolved
395,VH153,2021-07-17,Brake Wear,HIGH,1,C0031,2021,7,Resolved
396,VH478,2021-07-17,Abs Fault,HIGH,0,UNKNOWN,2021,7,Open
397,VH275,2021-07-18,Overheating,HIGH,1,P0420,2021,7,Resolved
398,VH448,2021-07-18,Oil Level Low,LOW,1,C0031,2021,7,Resolved
399,VH423,2021-07-19,Abs Fault,LOW,1,C0031,2021,7,Resolved
400,VH263,2021-07-19,Abs Fault,MEDIUM,0,C0031,2021,7,Open
401,VH249,2021-07-20,Brake Wear,MEDIUM,1,UNKNOWN,2021,7,Resolved
402,VH390,2021-07-20,Battery Low,MEDIUM,0,UNKNOWN,2021,7,Open
403,VH137,2021-07-21,Battery Low,LOW,1,P0420,2021,7,Resolved
404,VH118,2021-07-21,Overheating,HIGH,1,P0217,2021,7,Resolved
405,VH402,2021-07-22,Overheating,LOW,1,P0420,2021,7,Resolved
406,VH415,2021-07-22,Overheating,HIGH,0,B0020,2021,7,Open
407,VH198,2021-07-23,Battery Low,HIGH,1,UNKNOWN,2021,7,Resolved
408,VH318,2021-07-23,Overheating,MEDIUM,0,P0420,2021,7,Open
409,VH317,2021-07-24,Oil Level Low,MEDIUM,0,C0031,2021,7,Open
410,VH174,2021-07-24,Abs Fault,MEDIUM,1,P0300,2021,7,Resolved
411,VH245,2021-07-25,Engine Warning,HIGH,1,P0300,2021,7,Resolved
412,VH342,2021-07-25,Engine Warning,LOW,0,C0031,2021,7,Open
413,VH009,2021-07-26,Overheating,LOW,1,P0217,2021,7,Resolved
414,VH479,2021-07-26,Oil Level Low,MEDIUM,1,P0217,2021,7,Resolved
415,VH022,2021-07-27,Oil Level Low,HIGH,1,P0420,2021,7,Resolved
416,VH309,2021-07-27,Oil Level Low,HIGH,0,P0420,2021,7,Open
417,VH277,2021-07-28,Abs Fault,LOW,1,P0300,2021,7,Resolved
418,VH419,2021-07-28,Brake Wear,MEDIUM,1,C0031,2021,7,Resolved
419,VH255,2021-07-29,Abs Fault,MEDIUM,1,C0031,2021,7,Resolved
420,VH413,2021-07-29,Oil Level Low,LOW,1,P0420,2021,7,Resolved
421,VH085,2021-07-30,Battery Low,HIGH,1,B0020,2021,7,Resolved
422,VH053,2021-07-30,Battery Low,LOW,0,UNKNOWN,2021,7,Open
423,VH062,2021-07-31,Oil Level Low,MEDIUM,0,P0420,2021,7,Open
424,VH186,2021-07-31,Engine Warning,MEDIUM,1,UNKNOWN,2021,7,Resolved
425,VH061,2021-08-01,Brake Wear,MEDIUM,1,P0420,2021,8,Resolved
426,VH163,2021-08-01,Abs Fault,LOW,1,P0217,2021,8,Resolved
427,VH343,2021-08-02,Battery Low,HIGH,1,UNKNOWN,2021,8,Resolved
428,VH424,2021-08-02,Battery Low,HIGH,1,P0420,2021,8,Resolved
429,VH492,2021-08-03,Battery Low,HIGH,1,P0420,2021,8,Resolved
430,VH471,2021-08-03,Abs Fault,HIGH,1,B0020,2021,8,Resolved
431,VH082,2021-08-04,Brake Wear,MEDIUM,1,P0300,2021,8,Resolved
432,VH059,2021-08-04,Oil Level Low,HIGH,0,P0300,2021,8,Open
433,VH343,2021-08-05,Brake Wear,HIGH,0,P0420,2021,8,Open
434,VH257,2021-08-05,Oil Level Low,MEDIUM,1,C0031,2021,8,Resolved
435,VH499,2021-08-06,Overheating,MEDIUM,1,P0420,2021,8,Resolved
436,VH172,2021-08-06,Battery Low,MEDIUM,1,P0217,2021,8,Resolved
437,VH058,2021-08-07,Abs Fault,HIGH,1,B0020,2021,8,Resolved
438,VH212,2021-08-07,Engine Warning,HIGH,1,P0420,2021,8,Resolved
439,VH182,2021-08-08,Brake Wear,LOW,0,P0300,2021,8,Open
440,VH208,2021-08-08,Abs Fault,MEDIUM,0,P0420,2021,8,Open
441,VH393,2021-08-09,Brake Wear,LOW,1,UNKNOWN,2021,8,Resolved
442,VH281,2021-08-09,Abs Fault,MEDIUM,0,B0020,2021,8,Open
443,VH422,2021-08-10,Battery Low,MEDIUM,1,B0020,2021,8,Resolved
444,VH409,2021-08-10,Battery Low,MEDIUM,1,C0031,2021,8,Resolved
445,VH486,2021-08-11,Abs Fault,HIGH,0,C0031,2021,8,Open
446,VH007,2021-08-11,Engine Warning,MEDIUM,0,C0031,2021,8,Open
447,VH430,2021-08-12,Engine Warning,MEDIUM,0,UNKNOWN,2021,8,Open
448,VH336,2021-08-12,Battery Low,MEDIUM,0,P0300,2021,8,Open
449,VH118,2021-08-13,Abs Fault,MEDIUM,1,P0217,2021,8,Resolved
450,VH035,2021-08-13,Oil Level Low,HIGH,1,P0300,2021,8,Resolved
451,VH095,2021-08-14,Battery Low,MEDIUM,1,B0020,2021,8,Resolved
452,VH445,2021-08-14,Engine Warning,LOW,1,UNKNOWN,2021,8,Resolved
453,VH001,2021-08-15,Battery Low,MEDIUM,0,P0420,2021,8,Open
454,VH404,2021-08-15,Engine Warning,MEDIUM,0,C0031,2021,8,Open
455,VH241,2021-08-16,Overheating,HIGH,0,P0300,2021,8,Open
456,VH442,2021-08-16,Oil Level Low,LOW,1,B0020,2021,8,Resolved
457,VH219,2021-08-17,Abs Fault,MEDIUM,1,B0020,2021,8,Resolved
458,VH449,2021-08-17,Engine Warning,LOW,1,P0217,2021,8,Resolved
459,VH293,2021-08-18,Abs Fault,HIGH,1,P0300,2021,8,Resolved
460,VH408,2021-08-18,Brake Wear,MEDIUM,0,P0420,2021,8,Open
461,VH113,2021-08-19,Brake Wear,MEDIUM,1,B0020,2021,8,Resolved
462,VH133,2021-08-19,Abs Fault,MEDIUM,0,P0217,2021,8,Open
463,VH395,2021-08-20,Oil Level Low,HIGH,0,UNKNOWN,2021,8,Open
464,VH376,2021-08-20,Oil Level Low,MEDIUM,1,B0020,2021,8,Resolved
465,VH419,2021-08-21,Brake Wear,MEDIUM,0,P0217,2021,8,Open
466,VH029,2021-08-21,Abs Fault,HIGH,1,B0020,2021,8,Resolved
467,VH374,2021-08-22,Abs Fault,LOW,1,P0420,2021,8,Resolved
468,VH151,2021-08-22,Abs Fault,HIGH,1,UNKNOWN,2021,8,Resolved
469,VH458,2021-08-23,Abs Fault,HIGH,0,B0020,2021,8,Open
470,VH478,2021-08-23,Abs Fault,HIGH,0,UNKNOWN,2021,8,Open
471,VH223,2021-08-24,Overheating,MEDIUM,1,UNKNOWN,2021,8,Resolved
472,VH408,2021-08-24,Overheating,HIGH,1,C0031,2021,8,Resolved
473,VH078,2021-08-25,Engine Warning,LOW,0,P0420,2021,8,Open
474,VH371,2021-08-25,Oil Level Low,MEDIUM,0,P0420,2021,8,Open
475,VH125,2021-08-26,Brake Wear,MEDIUM,1,P0217,2021,8,Resolved
476,VH331,2021-08-26,Abs Fault,MEDIUM,0,P0217,2021,8,Open
477,VH321,2021-08-27,Abs Fault,MEDIUM,0,P0300,2021,8,Open
478,VH172,2021-08-27,Oil Level Low,LOW,1,P0300,2021,8,Resolved
479,VH410,2021-08-28,Brake Wear,LOW,0,UNKNOWN,2021,8,Open
480,VH184,2021-08-28,Brake Wear,MEDIUM,1,UNKNOWN,2021,8,Resolved
481,VH020,2021-08-29,Engine Warning,MEDIUM,1,P0420,2021,8,Resolved
482,VH322,2021-08-29,Oil Level Low,MEDIUM,1,B0020,2021,8,Resolved
483,VH033,2021-08-30,Overheating,LOW,0,C0031,2021,8,Open
484,VH431,2021-08-30,Oil Level Low,MEDIUM,1,B0020,2021,8,Resolved
485,VH493,2021-08-31,Brake Wear,LOW,0,UNKNOWN,2021,8,Open
486,VH301,2021-08-31,Overheating,MEDIUM,1,UNKNOWN,2021,8,Resolved
487,VH173,2021-09-01,Brake Wear,MEDIUM,1,P0420,2021,9,Resolved
488,VH209,2021-09-01,Oil Level Low,MEDIUM,1,P0217,2021,9,Resolved
489,VH198,2021-09-02,Brake Wear,MEDIUM,1,P0300,2021,9,Resolved
490,VH268,2021-09-02,Abs Fault,HIGH,0,UNKNOWN,2021,9,Open
491,VH207,2021-09-03,Battery Low,MEDIUM,1,C0031,2021,9,Resolved
492,VH312,2021-09-03,Overheating,LOW,1,P0217,2021,9,Resolved
493,VH323,2021-09-04,Abs Fault,MEDIUM,0,P0420,2021,9,Open
494,VH406,2021-09-04,Engine Warning,LOW,0,C0031,2021,9,Open
495,VH422,2021-09-05,Battery Low,HIGH,1,UNKNOWN,2021,9,Resolved
496,VH341,2021-09-05,Abs Fault,MEDIUM,1,C0031,2021,9,Resolved
497,VH227,2021-09-06,Brake Wear,LOW,1,P0300,2021,9,Resolved
498,VH364,2021-09-06,Oil Level Low,HIGH,1,C0031,2021,9,Resolved
499,VH043,2021-09-07,Brake Wear,HIGH,0,P0420,2021,9,Open
500,VH091,2021-09-07,Engine Warning,LOW,1,P0300,2021,9,Resolved
501,VH390,2021-09-08,Oil Level Low,MEDIUM,1,P0420,2021,9,Resolved
502,VH395,2021-09-08,Overheating,MEDIUM,1,C0031,2021,9,Resolved
503,VH017,2021-09-09,Overheating,HIGH,1,UNKNOWN,2021,9,Resolved
504,VH228,2021-09-09,Brake Wear,MEDIUM,1,P0420,2021,9,Resolved
505,VH223,2021-09-10,Battery Low,MEDIUM,0,P0217,2021,9,Open
506,VH107,2021-09-10,Oil Level Low,MEDIUM,1,C0031,2021,9,Resolved
507,VH397,2021-09-11,Abs Fault,HIGH,1,UNKNOWN,2021,9,Resolved
508,VH176,2021-09-11,Battery Low,MEDIUM,1,B0020,2021,9,Resolved
509,VH221,2021-09-12,Brake Wear,MEDIUM,1,B0020,2021,9,Resolved
510,VH422,2021-09-12,Abs Fault,HIGH,0,P0217,2021,9,Open
511,VH340,2021-09-13,Abs Fault,MEDIUM,0,B0020,2021,9,Open
512,VH294,2021-09-13,Oil Level Low,MEDIUM,1,B0020,2021,9,Resolved
513,VH305,2021-09-14,Overheating,LOW,1,P0300,2021,9,Resolved
514,VH099,2021-09-14,Overheating,LOW,0,UNKNOWN,2021,9,Open
515,VH231,2021-09-15,Brake Wear,LOW,0,UNKNOWN,2021,9,Open
516,VH321,2021-09-15,Oil Level Low,HIGH,1,P0420,2021,9,Resolved
517,VH364,2021-09-16,Abs Fault,MEDIUM,1,UNKNOWN,2021,9,Resolved
518,VH306,2021-09-16,Brake Wear,HIGH,0,C0031,2021,9,Open
519,VH013,2021-09-17,Overheating,HIGH,1,UNKNOWN,2021,9,Resolved
520,VH347,2021-09-17,Abs Fault,MEDIUM,1,B0020,2021,9,Resolved
521,VH131,2021-09-18,Abs Fault,HIGH,1,C0031,2021,9,Resolved
522,VH212,2021-09-18,Engine Warning,HIGH,1,P0217,2021,9,Resolved
523,VH028,2021-09-19,Battery Low,LOW,1,B0020,2021,9,Resolved
524,VH326,2021-09-19,Brake Wear,HIGH,1,P0300,2021,9,Resolved
525,VH430,2021-09-20,Abs Fault,LOW,0,C0031,2021,9,Open
526,VH302,2021-09-20,Engine Warning,LOW,0,P0217,2021,9,Open
527,VH137,2021-09-21,Overheating,LOW,1,P0300,2021,9,Resolved
528,VH446,2021-09-21,Brake Wear,HIGH,1,UNKNOWN,2021,9,Resolved
529,VH301,2021-09-22,Overheating,LOW,0,UNKNOWN,2021,9,Open
530,VH161,2021-09-22,Overheating,MEDIUM,1,P0420,2021,9,Resolved
531,VH004,2021-09-23,Brake Wear,MEDIUM,1,P0217,2021,9,Resolved
532,VH397,2021-09-23,Engine Warning,MEDIUM,1,P0300,2021,9,Resolved
533,VH052,2021-09-24,Brake Wear,HIGH,0,C0031,2021,9,Open
534,VH166,2021-09-24,Abs Fault,HIGH,1,P0300,2021,9,Resolved
535,VH321,2021-09-25,Overheating,LOW,1,P0217,2021,9,Resolved
536,VH302,2021-09-25,Oil Level Low,MEDIUM,0,P0420,2021,9,Open
537,VH473,2021-09-26,Overheating,HIGH,0,P0420,2021,9,Open
538,VH385,2021-09-26,Abs Fault,MEDIUM,1,P0217,2021,9,Resolved
539,VH160,2021-09-27,Brake Wear,LOW,0,UNKNOWN,2021,9,Open
540,VH362,2021-09-27,Engine Warning,MEDIUM,1,C0031,2021,9,Resolved
541,VH177,2021-09-28,Overheating,LOW,0,P0420,2021,9,Open
542,VH019,2021-09-28,Engine Warning,MEDIUM,1,B0020,2021,9,Resolved
543,VH081,2021-09-29,Abs Fault,MEDIUM,1,UNKNOWN,2021,9,Resolved
544,VH180,2021-09-29,Engine Warning,MEDIUM,0,B0020,2021,9,Open
545,VH423,2021-09-30,Battery Low,HIGH,0,P0420,2021,9,Open
546,VH190,2021-09-30,Abs Fault,LOW,0,C0031,2021,9,Open
547,VH041,2021-10-01,Engine Warning,LOW,1,C0031,2021,10,Resolved
548,VH332,2021-10-01,Overheating,MEDIUM,0,C0031,2021,10,Open
549,VH148,2021-10-02,Overheating,MEDIUM,1,UNKNOWN,2021,10,Resolved
550,VH022,2021-10-02,Brake Wear,MEDIUM,1,C0031,2021,10,Resolved
551,VH237,2021-10-03,Brake Wear,MEDIUM,1,P0300,2021,10,Resolved
552,VH159,2021-10-03,Engine Warning,HIGH,1,P0420,2021,10,Resolved
553,VH098,2021-10-04,Abs Fault,HIGH,1,P0217,2021,10,Resolved
554,VH087,2021-10-04,Abs Fault,HIGH,1,UNKNOWN,2021,10,Resolved
555,VH108,2021-10-05,Oil Level Low,LOW,0,B0020,2021,10,Open
556,VH312,2021-10-05,Abs Fault,MEDIUM,1,P0420,2021,10,Resolved
557,VH275,2021-10-06,Abs Fault,MEDIUM,1,B0020,2021,10,Resolved
558,VH113,2021-10-06,Overheating,MEDIUM,1,P0420,2021,10,Resolved
559,VH322,2021-10-07,Engine Warning,HIGH,1,P0420,2021,10,Resolved
560,VH322,2021-10-07,Abs Fault,HIGH,0,B0020,2021,10,Open
561,VH294,2021-10-08,Brake Wear,HIGH,1,C0031,2021,10,Resolved
562,VH039,2021-10-08,Overheating,LOW,1,UNKNOWN,2021,10,Resolved
563,VH229,2021-10-09,Battery Low,LOW,1,B0020,2021,10,Resolved
564,VH460,2021-10-09,Abs Fault,HIGH,0,B0020,2021,10,Open
565,VH028,2021-10-10,Brake Wear,MEDIUM,0,C0031,2021,10,Open
566,VH011,2021-10-10,Abs Fault,HIGH,0,P0420,2021,10,Open
567,VH234,2021-10-11,Battery Low,LOW,0,P0217,2021,10,Open
568,VH369,2021-10-11,Overheating,HIGH,1,P0217,2021,10,Resolved
569,VH093,2021-10-12,Oil Level Low,MEDIUM,1,P0420,2021,10,Resolved
570,VH021,2021-10-12,Engine Warning,MEDIUM,0,B0020,2021,10,Open
571,VH157,2021-10-13,Engine Warning,MEDIUM,1,P0420,2021,10,Resolved
572,VH093,2021-10-13,Oil Level Low,HIGH,1,P0300,2021,10,Resolved
573,VH488,2021-10-14,Engine Warning,MEDIUM,1,P0420,2021,10,Resolved
574,VH042,2021-10-14,Abs Fault,LOW,1,P0300,2021,10,Resolved
575,VH140,2021-10-15,Abs Fault,HIGH,0,UNKNOWN,2021,10,Open
576,VH002,2021-10-15,Engine Warning,LOW,1,UNKNOWN,2021,10,Resolved
577,VH040,2021-10-16,Battery Low,LOW,1,P0217,2021,10,Resolved
578,VH102,2021-10-16,Engine Warning,HIGH,1,P0217,2021,10,Resolved
579,VH319,2021-10-17,Battery Low,LOW,1,UNKNOWN,2021,10,Resolved
580,VH161,2021-10-17,Engine Warning,HIGH,0,B0020,2021,10,Open
581,VH365,2021-10-18,Abs Fault,MEDIUM,0,P0300,2021,10,Open
582,VH430,2021-10-18,Engine Warning,MEDIUM,1,P0300,2021,10,Resolved
583,VH266,2021-10-19,Brake Wear,LOW,1,P0300,2021,10,Resolved
584,VH489,2021-10-19,Oil Level Low,MEDIUM,0,P0420,2021,10,Open
585,VH395,2021-10-20,Brake Wear,MEDIUM,1,B0020,2021,10,Resolved
586,VH016,2021-10-20,Engine Warning,MEDIUM,1,UNKNOWN,2021,10,Resolved
587,VH264,2021-10-21,Battery Low,LOW,0,P0217,2021,10,Open
588,VH047,2021-10-21,Engine Warning,MEDIUM,0,UNKNOWN,2021,10,Open
589,VH373,2021-10-22,Overheating,HIGH,1,P0420,2021,10,Resolved
590,VH174,2021-10-22,Overheating,MEDIUM,1,B0020,2021,10,Resolved
591,VH260,2021-10-23,Overheating,HIGH,0,P0217,2021,10,Open
592,VH428,2021-10-23,Overheating,MEDIUM,1,P0300,2021,10,Resolved
593,VH092,2021-10-24,Engine Warning,LOW,1,P0300,2021,10,Resolved
594,VH017,2021-10-24,Overheating,HIGH,0,UNKNOWN,2021,10,Open
595,VH338,2021-10-25,Oil Level Low,MEDIUM,1,P0300,2021,10,Resolved
596,VH245,2021-10-25,Engine Warning,MEDIUM,1,C0031,2021,10,Resolved
597,VH005,2021-10-26,Brake Wear,LOW,1,P0300,2021,10,Resolved
598,VH072,2021-10-26,Engine Warning,LOW,1,P0217,2021,10,Resolved
599,VH126,2021-10-27,Battery Low,MEDIUM,1,P0420,2021,10,Resolved
600,VH181,2021-10-27,Oil Level Low,MEDIUM,0,P0420,2021,10,Open
601,VH005,2021-10-28,Engine Warning,LOW,0,C0031,2021,10,Open
602,VH035,2021-10-28,Brake Wear,LOW,1,C0031,2021,10,Resolved
603,VH023,2021-10-29,Battery Low,MEDIUM,1,P0217,2021,10,Resolved
604,VH150,2021-10-29,Abs Fault,HIGH,0,B0020,2021,10,Open
605,VH368,2021-10-30,Battery Low,MEDIUM,1,C0031,2021,10,Resolved
606,VH117,2021-10-30,Brake Wear,LOW,0,UNKNOWN,2021,10,Open
607,VH443,2021-10-31,Abs Fault,MEDIUM,1,C0031,2021,10,Resolved
608,VH322,2021-10-31,Brake Wear,LOW,0,P0217,2021,10,Open
609,VH164,2021-11-01,Brake Wear,HIGH,0,UNKNOWN,2021,11,Open
610,VH067,2021-11-01,Brake Wear,MEDIUM,1,P0420,2021,11,Resolved
611,VH028,2021-11-02,Overheating,MEDIUM,1,P0217,2021,11,Resolved
612,VH236,2021-11-02,Oil Level Low,MEDIUM,1,P0300,2021,11,Resolved
613,VH471,2021-11-03,Brake Wear,MEDIUM,1,B0020,2021,11,Resolved
614,VH457,2021-11-03,Overheating,LOW,1,C0031,2021,11,Resolved
615,VH467,2021-11-04,Engine Warning,LOW,1,B0020,2021,11,Resolved
616,VH407,2021-11-04,Battery Low,HIGH,1,P0217,2021,11,Resolved
617,VH141,2021-11-05,Engine Warning,MEDIUM,1,P0420,2021,11,Resolved
618,VH494,2021-11-05,Engine Warning,MEDIUM,0,B0020,2021,11,Open
619,VH201,2021-11-06,Abs Fault,MEDIUM,1,C0031,2021,11,Resolved
620,VH069,2021-11-06,Overheating,MEDIUM,1,P0300,2021,11,Resolved
621,VH232,2021-11-07,Overheating,LOW,1,B0020,2021,11,Resolved
622,VH286,2021-11-07,Brake Wear,LOW,0,P0217,2021,11,Open
623,VH440,2021-11-08,Brake Wear,MEDIUM,0,UNKNOWN,2021,11,Open
624,VH060,2021-11-08,Overheating,LOW,1,P0217,2021,11,Resolved
625,VH343,2021-11-09,Oil Level Low,MEDIUM,0,B0020,2021,11,Open
626,VH097,2021-11-09,Abs Fault,LOW,0,P0217,2021,11,Open
627,VH405,2021-11-10,Abs Fault,HIGH,1,UNKNOWN,2021,11,Resolved
628,VH368,2021-11-10,Brake Wear,HIGH,1,B0020,2021,11,Resolved
629,VH333,2021-11-11,Abs Fault,HIGH,1,B0020,2021,11,Resolved
630,VH042,2021-11-11,Engine Warning,LOW,0,P0420,2021,11,Open
631,VH105,2021-11-12,Brake Wear,HIGH,1,P0217,2021,11,Resolved
632,VH304,2021-11-12,Brake Wear,MEDIUM,1,UNKNOWN,2021,11,Resolved
633,VH361,2021-11-13,Oil Level Low,MEDIUM,1,P0420,2021,11,Resolved
634,VH204,2021-11-13,Overheating,LOW,1,UNKNOWN,2021,11,Resolved
635,VH150,2021-11-14,Oil Level Low,MEDIUM,0,P0217,2021,11,Open
636,VH248,2021-11-14,Brake Wear,MEDIUM,1,P0420,2021,11,Resolved
637,VH452,2021-11-15,Oil Level Low,MEDIUM,1,P0300,2021,11,Resolved
638,VH329,2021-11-15,Abs Fault,HIGH,1,P0217,2021,11,Resolved
639,VH095,2021-11-16,Brake Wear,HIGH,1,P0420,2021,11,Resolved
640,VH050,2021-11-16,Oil Level Low,HIGH,1,UNKNOWN,2021,11,Resolved
641,VH191,2021-11-17,Battery Low,HIGH,0,P0300,2021,11,Open
642,VH176,2021-11-17,Battery Low,LOW,0,P0300,2021,11,Open
643,VH322,2021-11-18,Brake Wear,MEDIUM,0,UNKNOWN,2021,11,Open
644,VH366,2021-11-18,Oil Level Low,MEDIUM,1,P0300,2021,11,Resolved
645,VH439,2021-11-19,Brake Wear,MEDIUM,1,P0420,2021,11,Resolved
646,VH036,2021-11-19,Oil Level Low,MEDIUM,0,P0300,2021,11,Open
647,VH459,2021-11-20,Overheating,LOW,1,C0031,2021,11,Resolved
648,VH285,2021-11-20,Oil Level Low,HIGH,1,P0217,2021,11,Resolved
649,VH484,2021-11-21,Oil Level Low,LOW,1,C0031,2021,11,Resolved
650,VH098,2021-11-21,Brake Wear,MEDIUM,1,C0031,2021,11,Resolved
651,VH175,2021-11-22,Oil Level Low,LOW,1,P0217,2021,11,Resolved
652,VH121,2021-11-22,Brake Wear,HIGH,1,C0031,2021,11,Resolved
653,VH050,2021-11-23,Brake Wear,LOW,0,P0300,2021,11,Open
654,VH009,2021-11-23,Engine Warning,HIGH,1,B0020,2021,11,Resolved
655,VH076,2021-11-24,Brake Wear,MEDIUM,0,C0031,2021,11,Open
656,VH085,2021-11-24,Oil Level Low,HIGH,1,UNKNOWN,2021,11,Resolved
657,VH446,2021-11-25,Battery Low,HIGH,0,P0217,2021,11,Open
658,VH005,2021-11-25,Overheating,HIGH,1,P0420,2021,11,Resolved
659,VH007,2021-11-26,Oil Level Low,MEDIUM,1,P0420,2021,11,Resolved
660,VH428,2021-11-26,Abs Fault,HIGH,1,P0300,2021,11,Resolved
661,VH037,2021-11-27,Oil Level Low,HIGH,1,C0031,2021,11,Resolved
662,VH381,2021-11-27,Oil Level Low,LOW,1,B0020,2021,11,Resolved
663,VH246,2021-11-28,Engine Warning,HIGH,1,P0420,2021,11,Resolved
664,VH499,2021-11-28,Battery Low,HIGH,1,B0020,2021,11,Resolved
665,VH003,2021-11-29,Oil Level Low,HIGH,0,UNKNOWN,2021,11,Open
666,VH143,2021-11-29,Abs Fault,MEDIUM,1,UNKNOWN,2021,11,Resolved
667,VH083,2021-11-30,Brake Wear,HIGH,0,UNKNOWN,2021,11,Open
668,VH369,2021-11-30,Battery Low,LOW,1,P0217,2021,11,Resolved
669,VH259,2021-12-01,Battery Low,LOW,1,P0217,2021,12,Resolved
670,VH340,2021-12-01,Oil Level Low,MEDIUM,1,P0300,2021,12,Resolved
671,VH335,2021-12-02,Brake Wear,MEDIUM,0,UNKNOWN,2021,12,Open
672,VH102,2021-12-02,Battery Low,LOW,1,B0020,2021,12,Resolved
673,VH203,2021-12-03,Overheating,LOW,0,UNKNOWN,2021,12,Open
674,VH398,2021-12-03,Brake Wear,MEDIUM,1,B0020,2021,12,Resolved
675,VH004,2021-12-04,Battery Low,LOW,0,B0020,2021,12,Open
676,VH419,2021-12-04,Battery Low,HIGH,0,P0300,2021,12,Open
677,VH392,2021-12-05,Brake Wear,HIGH,0,P0420,2021,12,Open
678,VH469,2021-12-05,Engine Warning,HIGH,1,P0420,2021,12,Resolved
679,VH163,2021-12-06,Brake Wear,MEDIUM,1,C0031,2021,12,Resolved
680,VH324,2021-12-06,Overheating,MEDIUM,0,P0217,2021,12,Open
681,VH036,2021-12-07,Engine Warning,HIGH,1,UNKNOWN,2021,12,Resolved
682,VH078,2021-12-07,Oil Level Low,LOW,1,P0217,2021,12,Resolved
683,VH172,2021-12-08,Engine Warning,MEDIUM,1,C0031,2021,12,Resolved
684,VH064,2021-12-08,Overheating,MEDIUM,0,B0020,2021,12,Open
685,VH195,2021-12-09,Overheating,MEDIUM,0,P0300,2021,12,Open
686,VH020,2021-12-09,Overheating,HIGH,0,P0217,2021,12,Open
687,VH328,2021-12-10,Battery Low,LOW,0,B0020,2021,12,Open
688,VH254,2021-12-10,Engine Warning,HIGH,1,P0420,2021,12,Resolved
689,VH185,2021-12-11,Overheating,HIGH,1,B0020,2021,12,Resolved
690,VH256,2021-12-11,Abs Fault,MEDIUM,1,C0031,2021,12,Resolved
691,VH055,2021-12-12,Engine Warning,HIGH,0,P0300,2021,12,Open
692,VH499,2021-12-12,Abs Fault,MEDIUM,1,UNKNOWN,2021,12,Resolved
693,VH270,2021-12-13,Engine Warning,LOW,1,P0217,2021,12,Resolved
694,VH129,2021-12-13,Oil Level Low,MEDIUM,0,C0031,2021,12,Open
695,VH057,2021-12-14,Abs Fault,LOW,0,P0420,2021,12,Open
696,VH340,2021-12-14,Oil Level Low,LOW,1,P0420,2021,12,Resolved
697,VH014,2021-12-15,Oil Level Low,LOW,0,UNKNOWN,2021,12,Open
698,VH051,2021-12-15,Abs Fault,HIGH,1,P0300,2021,12,Resolved
699,VH348,2021-12-16,Battery Low,LOW,1,UNKNOWN,2021,12,Resolved
700,VH359,2021-12-16,Battery Low,HIGH,1,UNKNOWN,2021,12,Resolved
701,VH493,2021-12-17,Oil Level Low,MEDIUM,1,UNKNOWN,2021,12,Resolved
702,VH058,2021-12-17,Overheating,LOW,1,P0217,2021,12,Resolved
703,VH377,2021-12-18,Brake Wear,HIGH,1,P0420,2021,12,Resolved
704,VH119,2021-12-18,Abs Fault,HIGH,0,C0031,2021,12,Open
705,VH379,2021-12-19,Battery Low,LOW,0,P0420,2021,12,Open
706,VH265,2021-12-19,Brake Wear,MEDIUM,0,P0217,2021,12,Open
707,VH343,2021-12-20,Battery Low,MEDIUM,1,B0020,2021,12,Resolved
708,VH464,2021-12-20,Engine Warning,HIGH,0,P0420,2021,12,Open
709,VH048,2021-12-21,Overheating,LOW,1,P0420,2021,12,Resolved
710,VH411,2021-12-21,Battery Low,MEDIUM,1,P0420,2021,12,Resolved
711,VH104,2021-12-22,Engine Warning,LOW,1,B0020,2021,12,Resolved
712,VH200,2021-12-22,Overheating,MEDIUM,1,P0217,2021,12,Resolved
713,VH412,2021-12-23,Abs Fault,LOW,1,C0031,2021,12,Resolved
714,VH440,2021-12-23,Battery Low,MEDIUM,0,P0217,2021,12,Open
715,VH466,2021-12-24,Overheating,MEDIUM,0,P0300,2021,12,Open
716,VH162,2021-12-24,Battery Low,MEDIUM,1,UNKNOWN,2021,12,Resolved
717,VH002,2021-12-25,Oil Level Low,LOW,1,C0031,2021,12,Resolved
718,VH024,2021-12-25,Battery Low,LOW,0,B0020,2021,12,Open
719,VH074,2021-12-26,Battery Low,MEDIUM,1,P0300,2021,12,Resolved
720,VH305,2021-12-26,Engine Warning,LOW,1,P0420,2021,12,Resolved
721,VH296,2021-12-27,Oil Level Low,LOW,1,UNKNOWN,2021,12,Resolved
722,VH251,2021-12-27,Brake Wear,LOW,1,UNKNOWN,2021,12,Resolved
723,VH008,2021-12-28,Overheating,MEDIUM,0,P0217,2021,12,Open
724,VH325,2021-12-28,Brake Wear,HIGH,0,B0020,2021,12,Open
725,VH067,2021-12-29,Brake Wear,HIGH,1,B0020,2021,12,Resolved
726,VH225,2021-12-29,Oil Level Low,LOW,1,UNKNOWN,2021,12,Resolved
727,VH414,2021-12-30,Oil Level Low,MEDIUM,1,P0420,2021,12,Resolved
728,VH052,2021-12-30,Oil Level Low,LOW,0,UNKNOWN,2021,12,Open
729,VH295,2021-12-31,Engine Warning,MEDIUM,1,UNKNOWN,2021,12,Resolved
730,VH071,2021-12-31,Engine Warning,MEDIUM,1,UNKNOWN,2021,12,Resolved
731,VH493,2022-01-01,Overheating,HIGH,1,B0020,2022,1,Resolved
732,VH085,2022-01-01,Oil Level Low,LOW,0,B0020,2022,1,Open
733,VH230,2022-01-02,Brake Wear,HIGH,1,P0217,2022,1,Resolved
734,VH013,2022-01-02,Overheating,LOW,1,P0420,2022,1,Resolved
735,VH089,2022-01-03,Engine Warning,HIGH,1,B0020,2022,1,Resolved
736,VH375,2022-01-03,Battery Low,HIGH,0,P0300,2022,1,Open
737,VH130,2022-01-04,Battery Low,MEDIUM,1,P0300,2022,1,Resolved
738,VH450,2022-01-04,Overheating,MEDIUM,0,P0300,2022,1,Open
739,VH450,2022-01-05,Engine Warning,LOW,1,C0031,2022,1,Resolved
740,VH463,2022-01-05,Overheating,MEDIUM,0,P0300,2022,1,Open
741,VH271,2022-01-06,Engine Warning,HIGH,1,B0020,2022,1,Resolved
742,VH443,2022-01-06,Oil Level Low,LOW,1,C0031,2022,1,Resolved
743,VH274,2022-01-07,Battery Low,LOW,1,UNKNOWN,2022,1,Resolved
744,VH069,2022-01-07,Brake Wear,LOW,1,P0420,2022,1,Resolved
745,VH346,2022-01-08,Oil Level Low,MEDIUM,1,B0020,2022,1,Resolved
746,VH286,2022-01-08,Brake Wear,HIGH,0,P0300,2022,1,Open
747,VH078,2022-01-09,Overheating,MEDIUM,1,UNKNOWN,2022,1,Resolved
748,VH133,2022-01-09,Battery Low,HIGH,1,UNKNOWN,2022,1,Resolved
749,VH424,2022-01-10,Brake Wear,HIGH,1,P0420,2022,1,Resolved
750,VH405,2022-01-10,Abs Fault,LOW,0,UNKNOWN,2022,1,Open
751,VH192,2022-01-11,Overheating,LOW,1,P0300,2022,1,Resolved
752,VH363,2022-01-11,Engine Warning,LOW,0,P0217,2022,1,Open
753,VH264,2022-01-12,Oil Level Low,MEDIUM,1,C0031,2022,1,Resolved
754,VH262,2022-01-12,Engine Warning,HIGH,0,UNKNOWN,2022,1,Open
755,VH090,2022-01-13,Oil Level Low,HIGH,1,P0420,2022,1,Resolved
756,VH196,2022-01-13,Battery Low,MEDIUM,1,UNKNOWN,2022,1,Resolved
757,VH314,2022-01-14,Brake Wear,MEDIUM,1,P0217,2022,1,Resolved
758,VH180,2022-01-14,Engine Warning,LOW,0,C0031,2022,1,Open
759,VH414,2022-01-15,Engine Warning,MEDIUM,0,P0300,2022,1,Open
760,VH227,2022-01-15,Brake Wear,LOW,1,B0020,2022,1,Resolved
761,VH441,2022-01-16,Brake Wear,LOW,1,UNKNOWN,2022,1,Resolved
762,VH283,2022-01-16,Overheating,LOW,1,P0420,2022,1,Resolved
763,VH347,2022-01-17,Oil Level Low,MEDIUM,0,P0300,2022,1,Open
764,VH172,2022-01-17,Abs Fault,LOW,1,P0420,2022,1,Resolved
765,VH107,2022-01-18,Abs Fault,LOW,1,B0020,2022,1,Resolved
766,VH069,2022-01-18,Overheating,MEDIUM,1,P0420,2022,1,Resolved
767,VH360,2022-01-19,Engine Warning,MEDIUM,1,P0217,2022,1,Resolved
768,VH139,2022-01-19,Brake Wear,HIGH,0,C0031,2022,1,Open
769,VH254,2022-01-20,Battery Low,LOW,0,P0300,2022,1,Open
770,VH043,2022-01-20,Engine Warning,HIGH,1,UNKNOWN,2022,1,Resolved
771,VH500,2022-01-21,Engine Warning,MEDIUM,1,C0031,2022,1,Resolved
772,VH126,2022-01-21,Abs Fault,LOW,1,P0300,2022,1,Resolved
773,VH291,2022-01-22,Oil Level Low,LOW,1,P0420,2022,1,Resolved
774,VH395,2022-01-22,Overheating,MEDIUM,0,P0420,2022,1,Open
775,VH486,2022-01-23,Abs Fault,MEDIUM,1,P0217,2022,1,Resolved
776,VH230,2022-01-23,Oil Level Low,LOW,0,UNKNOWN,2022,1,Open
777,VH310,2022-01-24,Engine Warning,HIGH,0,B0020,2022,1,Open
778,VH306,2022-01-24,Brake Wear,LOW,1,P0217,2022,1,Resolved
779,VH189,2022-01-25,Battery Low,MEDIUM,1,P0300,2022,1,Resolved
780,VH389,2022-01-25,Oil Level Low,HIGH,0,P0420,2022,1,Open
781,VH229,2022-01-26,Abs Fault,MEDIUM,1,P0300,2022,1,Resolved
782,VH115,2022-01-26,Engine Warning,LOW,1,P0420,2022,1,Resolved
783,VH357,2022-01-27,Abs Fault,LOW,1,P0217,2022,1,Resolved
784,VH154,2022-01-27,Abs Fault,LOW,0,UNKNOWN,2022,1,Open
785,VH353,2022-01-28,Overheating,MEDIUM,1,B0020,2022,1,Resolved
786,VH161,2022-01-28,Oil Level Low,MEDIUM,1,P0300,2022,1,Resolved
787,VH151,2022-01-29,Engine Warning,MEDIUM,1,C0031,2022,1,Resolved
788,VH442,2022-01-29,Overheating,LOW,1,P0420,2022,1,Resolved
789,VH199,2022-01-30,Overheating,LOW,0,P0217,2022,1,Open
790,VH480,2022-01-30,Battery Low,HIGH,1,P0300,2022,1,Resolved
791,VH393,2022-01-31,Brake Wear,MEDIUM,0,UNKNOWN,2022,1,Open
792,VH272,2022-01-31,Battery Low,MEDIUM,1,P0300,2022,1,Resolved
793,VH457,2022-02-01,Overheating,MEDIUM,1,B0020,2022,2,Resolved
794,VH428,2022-02-01,Oil Level Low,MEDIUM,1,UNKNOWN,2022,2,Resolved
795,VH235,2022-02-02,Abs Fault,MEDIUM,1,P0420,2022,2,Resolved
796,VH028,2022-02-02,Brake Wear,MEDIUM,0,P0300,2022,2,Open
797,VH407,2022-02-03,Overheating,MEDIUM,1,C0031,2022,2,Resolved
798,VH140,2022-02-03,Brake Wear,MEDIUM,0,P0420,2022,2,Open
799,VH042,2022-02-04,Oil Level Low,MEDIUM,0,P0420,2022,2,Open
800,VH009,2022-02-04,Engine Warning,MEDIUM,0,P0217,2022,2,Open
801,VH058,2022-02-05,Engine Warning,LOW,0,P0420,2022,2,Open
802,VH365,2022-02-05,Overheating,MEDIUM,1,P0300,2022,2,Resolved
803,VH332,2022-02-06,Overheating,HIGH,0,B0020,2022,2,Open
804,VH201,2022-02-06,Battery Low,MEDIUM,0,P0300,2022,2,Open
805,VH147,2022-02-07,Overheating,MEDIUM,0,UNKNOWN,2022,2,Open
806,VH164,2022-02-07,Engine Warning,MEDIUM,1,P0420,2022,2,Resolved
807,VH481,2022-02-08,Engine Warning,HIGH,1,C0031,2022,2,Resolved
808,VH333,2022-02-08,Battery Low,MEDIUM,1,UNKNOWN,2022,2,Resolved
809,VH066,2022-02-09,Abs Fault,MEDIUM,1,C0031,2022,2,Resolved
810,VH360,2022-02-09,Oil Level Low,LOW,1,UNKNOWN,2022,2,Resolved
811,VH057,2022-02-10,Brake Wear,HIGH,0,P0300,2022,2,Open
812,VH313,2022-02-10,Engine Warning,MEDIUM,1,P0300,2022,2,Resolved
813,VH108,2022-02-11,Brake Wear,MEDIUM,0,P0300,2022,2,Open
814,VH281,2022-02-11,Overheating,HIGH,1,P0300,2022,2,Resolved
815,VH141,2022-02-12,Overheating,MEDIUM,1,P0217,2022,2,Resolved
816,VH187,2022-02-12,Abs Fault,MEDIUM,1,P0300,2022,2,Resolved
817,VH269,2022-02-13,Oil Level Low,HIGH,1,P0217,2022,2,Resolved
818,VH481,2022-02-13,Abs Fault,MEDIUM,1,P0420,2022,2,Resolved
819,VH155,2022-02-14,Brake Wear,MEDIUM,0,P0300,2022,2,Open
820,VH424,2022-02-14,Engine Warning,LOW,1,P0300,2022,2,Resolved
821,VH229,2022-02-15,Battery Low,LOW,1,C0031,2022,2,Resolved
822,VH083,2022-02-15,Engine Warning,MEDIUM,1,P0420,2022,2,Resolved
823,VH342,2022-02-16,Brake Wear,LOW,0,P0420,2022,2,Open
824,VH180,2022-02-16,Brake Wear,MEDIUM,1,P0300,2022,2,Resolved
825,VH145,2022-02-17,Engine Warning,LOW,0,P0420,2022,2,Open
826,VH179,2022-02-17,Engine Warning,LOW,0,B0020,2022,2,Open
827,VH002,2022-02-18,Oil Level Low,LOW,1,UNKNOWN,2022,2,Resolved
828,VH140,2022-02-18,Overheating,HIGH,0,C0031,2022,2,Open
829,VH225,2022-02-19,Abs Fault,HIGH,1,UNKNOWN,2022,2,Resolved
830,VH156,2022-02-19,Oil Level Low,MEDIUM,1,B0020,2022,2,Resolved
831,VH474,2022-02-20,Engine Warning,HIGH,0,P0300,2022,2,Open
832,VH409,2022-02-20,Engine Warning,MEDIUM,1,C0031,2022,2,Resolved
833,VH220,2022-02-21,Battery Low,MEDIUM,0,UNKNOWN,2022,2,Open
834,VH223,2022-02-21,Overheating,MEDIUM,0,C0031,2022,2,Open
835,VH492,2022-02-22,Abs Fault,LOW,1,C0031,2022,2,Resolved
836,VH159,2022-02-22,Abs Fault,MEDIUM,1,B0020,2022,2,Resolved
837,VH411,2022-02-23,Battery Low,LOW,1,P0217,2022,2,Resolved
838,VH499,2022-02-23,Overheating,LOW,1,C0031,2022,2,Resolved
839,VH364,2022-02-24,Overheating,MEDIUM,1,B0020,2022,2,Resolved
840,VH443,2022-02-24,Brake Wear,MEDIUM,1,UNKNOWN,2022,2,Resolved
841,VH257,2022-02-25,Overheating,HIGH,1,P0217,2022,2,Resolved
842,VH035,2022-02-25,Abs Fault,LOW,1,B0020,2022,2,Resolved
843,VH353,2022-02-26,Engine Warning,LOW,0,B0020,2022,2,Open
844,VH001,2022-02-26,Overheating,MEDIUM,1,B0020,2022,2,Resolved
845,VH009,2022-02-27,Oil Level Low,HIGH,0,C0031,2022,2,Open
846,VH417,2022-02-27,Brake Wear,LOW,0,P0300,2022,2,Open
847,VH044,2022-02-28,Battery Low,LOW,0,UNKNOWN,2022,2,Open
848,VH053,2022-02-28,Abs Fault,MEDIUM,1,C0031,2022,2,Resolved
849,VH229,2022-03-01,Overheating,MEDIUM,1,UNKNOWN,2022,3,Resolved
850,VH175,2022-03-01,Battery Low,LOW,1,UNKNOWN,2022,3,Resolved
851,VH463,2022-03-02,Engine Warning,HIGH,1,C0031,2022,3,Resolved
852,VH207,2022-03-02,Battery Low,HIGH,1,C0031,2022,3,Resolved
853,VH113,2022-03-03,Overheating,LOW,0,UNKNOWN,2022,3,Open
854,VH221,2022-03-03,Battery Low,MEDIUM,1,P0217,2022,3,Resolved
855,VH489,2022-03-04,Engine Warning,MEDIUM,1,P0217,2022,3,Resolved
856,VH085,2022-03-04,Overheating,LOW,1,B0020,2022,3,Resolved
857,VH046,2022-03-05,Battery Low,LOW,1,P0420,2022,3,Resolved
858,VH274,2022-03-05,Battery Low,HIGH,0,UNKNOWN,2022,3,Open
859,VH251,2022-03-06,Engine Warning,MEDIUM,1,UNKNOWN,2022,3,Resolved
860,VH400,2022-03-06,Oil Level Low,LOW,0,P0300,2022,3,Open
861,VH477,2022-03-07,Oil Level Low,HIGH,1,B0020,2022,3,Resolved
862,VH489,2022-03-07,Brake Wear,MEDIUM,0,UNKNOWN,2022,3,Open
863,VH219,2022-03-08,Engine Warning,MEDIUM,1,P0300,2022,3,Resolved
864,VH187,2022-03-08,Oil Level Low,MEDIUM,0,P0217,2022,3,Open
865,VH124,2022-03-09,Battery Low,HIGH,1,C0031,2022,3,Resolved
866,VH335,2022-03-09,Engine Warning,MEDIUM,1,P0300,2022,3,Resolved
867,VH308,2022-03-10,Battery Low,MEDIUM,1,P0300,2022,3,Resolved
868,VH437,2022-03-10,Battery Low,MEDIUM,1,P0217,2022,3,Resolved
869,VH444,2022-03-11,Brake Wear,HIGH,0,B0020,2022,3,Open
870,VH111,2022-03-11,Abs Fault,LOW,1,C0031,2022,3,Resolved
871,VH265,2022-03-12,Brake Wear,HIGH,1,C0031,2022,3,Resolved
872,VH284,2022-03-12,Overheating,LOW,1,B0020,2022,3,Resolved
873,VH066,2022-03-13,Abs Fault,HIGH,0,UNKNOWN,2022,3,Open
874,VH213,2022-03-13,Engine Warning,MEDIUM,1,P0217,2022,3,Resolved
875,VH331,2022-03-14,Oil Level Low,LOW,1,UNKNOWN,2022,3,Resolved
876,VH352,2022-03-14,Brake Wear,MEDIUM,1,P0217,2022,3,Resolved
877,VH278,2022-03-15,Engine Warning,HIGH,1,P0300,2022,3,Resolved
878,VH035,2022-03-15,Brake Wear,MEDIUM,0,P0420,2022,3,Open
879,VH106,2022-03-16,Oil Level Low,HIGH,1,P0420,2022,3,Resolved
880,VH425,2022-03-16,Brake Wear,HIGH,1,P0217,2022,3,Resolved
881,VH208,2022-03-17,Overheating,HIGH,0,B0020,2022,3,Open
882,VH159,2022-03-17,Engine Warning,MEDIUM,1,UNKNOWN,2022,3,Resolved
883,VH191,2022-03-18,Abs Fault,MEDIUM,1,B0020,2022,3,Resolved
884,VH315,2022-03-18,Abs Fault,MEDIUM,1,P0420,2022,3,Resolved
885,VH138,2022-03-19,Engine Warning,HIGH,1,UNKNOWN,2022,3,Resolved
886,VH360,2022-03-19,Battery Low,LOW,1,B0020,2022,3,Resolved
887,VH036,2022-03-20,Abs Fault,HIGH,1,B0020,2022,3,Resolved
888,VH213,2022-03-20,Abs Fault,LOW,0,UNKNOWN,2022,3,Open
889,VH328,2022-03-21,Overheating,HIGH,1,C0031,2022,3,Resolved
890,VH047,2022-03-21,Brake Wear,LOW,1,UNKNOWN,2022,3,Resolved
891,VH490,2022-03-22,Battery Low,HIGH,0,B0020,2022,3,Open
892,VH442,2022-03-22,Brake Wear,MEDIUM,0,C0031,2022,3,Open
893,VH236,2022-03-23,Overheating,MEDIUM,0,UNKNOWN,2022,3,Open
894,VH047,2022-03-23,Battery Low,LOW,1,C0031,2022,3,Resolved
895,VH097,2022-03-24,Oil Level Low,MEDIUM,1,UNKNOWN,2022,3,Resolved
896,VH232,2022-03-24,Engine Warning,MEDIUM,0,P0420,2022,3,Open
897,VH022,2022-03-25,Overheating,LOW,1,C0031,2022,3,Resolved
898,VH414,2022-03-25,Overheating,HIGH,0,P0217,2022,3,Open
899,VH407,2022-03-26,Brake Wear,HIGH,0,P0300,2022,3,Open
900,VH372,2022-03-26,Oil Level Low,LOW,1,C0031,2022,3,Resolved
901,VH463,2022-03-27,Oil Level Low,LOW,1,P0217,2022,3,Resolved
902,VH303,2022-03-27,Abs Fault,LOW,1,P0217,2022,3,Resolved
903,VH124,2022-03-28,Overheating,HIGH,1,B0020,2022,3,Resolved
904,VH235,2022-03-28,Overheating,HIGH,0,P0217,2022,3,Open
905,VH182,2022-03-29,Engine Warning,MEDIUM,0,B0020,2022,3,Open
906,VH218,2022-03-29,Oil Level Low,MEDIUM,1,P0217,2022,3,Resolved
907,VH400,2022-03-30,Overheating,MEDIUM,1,UNKNOWN,2022,3,Resolved
908,VH266,2022-03-30,Engine Warning,MEDIUM,0,P0420,2022,3,Open
909,VH164,2022-03-31,Brake Wear,HIGH,1,P0420,2022,3,Resolved
910,VH284,2022-03-31,Oil Level Low,LOW,1,P0420,2022,3,Resolved
911,VH170,2022-04-01,Battery Low,MEDIUM,1,UNKNOWN,2022,4,Resolved
912,VH474,2022-04-01,Battery Low,HIGH,1,P0420,2022,4,Resolved
913,VH095,2022-04-02,Overheating,MEDIUM,1,P0217,2022,4,Resolved
914,VH466,2022-04-02,Overheating,HIGH,1,UNKNOWN,2022,4,Resolved
915,VH145,2022-04-03,Abs Fault,HIGH,0,C0031,2022,4,Open
916,VH304,2022-04-03,Engine Warning,MEDIUM,0,C0031,2022,4,Open
917,VH308,2022-04-04,Overheating,LOW,0,P0420,2022,4,Open
918,VH096,2022-04-04,Overheating,MEDIUM,1,P0420,2022,4,Resolved
919,VH188,2022-04-05,Engine Warning,HIGH,0,P0217,2022,4,Open
920,VH423,2022-04-05,Battery Low,HIGH,1,UNKNOWN,2022,4,Resolved
921,VH051,2022-04-06,Engine Warning,MEDIUM,1,C0031,2022,4,Resolved
922,VH307,2022-04-06,Abs Fault,MEDIUM,1,UNKNOWN,2022,4,Resolved
923,VH133,2022-04-07,Abs Fault,LOW,1,B0020,2022,4,Resolved
924,VH362,2022-04-07,Oil Level Low,HIGH,0,P0420,2022,4,Open
925,VH119,2022-04-08,Oil Level Low,MEDIUM,0,P0300,2022,4,Open
926,VH477,2022-04-08,Overheating,HIGH,1,P0300,2022,4,Resolved
927,VH064,2022-04-09,Overheating,MEDIUM,0,P0300,2022,4,Open
928,VH420,2022-04-09,Abs Fault,MEDIUM,1,P0217,2022,4,Resolved
929,VH423,2022-04-10,Battery Low,HIGH,0,B0020,2022,4,Open
930,VH370,2022-04-10,Battery Low,LOW,0,P0420,2022,4,Open
931,VH267,2022-04-11,Brake Wear,HIGH,0,P0217,2022,4,Open
932,VH225,2022-04-11,Oil Level Low,HIGH,1,C0031,2022,4,Resolved
933,VH054,2022-04-12,Oil Level Low,LOW,0,C0031,2022,4,Open
934,VH004,2022-04-12,Abs Fault,HIGH,1,P0420,2022,4,Resolved
935,VH304,2022-04-13,Brake Wear,HIGH,1,UNKNOWN,2022,4,Resolved
936,VH055,2022-04-13,Brake Wear,LOW,1,P0420,2022,4,Resolved
937,VH033,2022-04-14,Oil Level Low,HIGH,1,P0300,2022,4,Resolved
938,VH129,2022-04-14,Overheating,HIGH,1,B0020,2022,4,Resolved
939,VH213,2022-04-15,Oil Level Low,HIGH,1,P0300,2022,4,Resolved
940,VH465,2022-04-15,Brake Wear,HIGH,0,B0020,2022,4,Open
941,VH418,2022-04-16,Battery Low,LOW,1,P0217,2022,4,Resolved
942,VH029,2022-04-16,Engine Warning,HIGH,1,P0217,2022,4,Resolved
943,VH195,2022-04-17,Battery Low,LOW,1,UNKNOWN,2022,4,Resolved
944,VH369,2022-04-17,Abs Fault,LOW,0,B0020,2022,4,Open
945,VH408,2022-04-18,Battery Low,MEDIUM,1,P0217,2022,4,Resolved
946,VH482,2022-04-18,Brake Wear,LOW,1,B0020,2022,4,Resolved
947,VH066,2022-04-19,Oil Level Low,HIGH,0,UNKNOWN,2022,4,Open
948,VH095,2022-04-19,Abs Fault,MEDIUM,0,UNKNOWN,2022,4,Open
949,VH488,2022-04-20,Brake Wear,HIGH,1,UNKNOWN,2022,4,Resolved
950,VH127,2022-04-20,Brake Wear,LOW,0,P0217,2022,4,Open
951,VH071,2022-04-21,Abs Fault,HIGH,1,UNKNOWN,2022,4,Resolved
952,VH243,2022-04-21,Abs Fault,LOW,1,C0031,2022,4,Resolved
953,VH349,2022-04-22,Abs Fault,MEDIUM,1,P0420,2022,4,Resolved
954,VH061,2022-04-22,Overheating,HIGH,1,P0217,2022,4,Resolved
955,VH243,2022-04-23,Abs Fault,HIGH,1,P0217,2022,4,Resolved
956,VH203,2022-04-23,Overheating,MEDIUM,0,C0031,2022,4,Open
957,VH427,2022-04-24,Engine Warning,LOW,1,P0300,2022,4,Resolved
958,VH373,2022-04-24,Overheating,LOW,0,UNKNOWN,2022,4,Open
959,VH089,2022-04-25,Engine Warning,LOW,1,P0217,2022,4,Resolved
960,VH211,2022-04-25,Battery Low,MEDIUM,1,C0031,2022,4,Resolved
961,VH331,2022-04-26,Battery Low,LOW,1,C0031,2022,4,Resolved
962,VH045,2022-04-26,Brake Wear,MEDIUM,0,UNKNOWN,2022,4,Open
963,VH291,2022-04-27,Battery Low,HIGH,0,C0031,2022,4,Open
964,VH289,2022-04-27,Overheating,HIGH,1,B0020,2022,4,Resolved
965,VH069,2022-04-28,Overheating,MEDIUM,1,C0031,2022,4,Resolved
966,VH483,2022-04-28,Overheating,MEDIUM,0,C0031,2022,4,Open
967,VH195,2022-04-29,Oil Level Low,MEDIUM,1,P0217,2022,4,Resolved
968,VH223,2022-04-29,Overheating,LOW,0,B0020,2022,4,Open
969,VH140,2022-04-30,Abs Fault,HIGH,1,P0300,2022,4,Resolved
970,VH324,2022-04-30,Brake Wear,MEDIUM,1,B0020,2022,4,Resolved
971,VH160,2022-05-01,Brake Wear,MEDIUM,1,B0020,2022,5,Resolved
972,VH114,2022-05-01,Battery Low,LOW,0,B0020,2022,5,Open
973,VH242,2022-05-02,Engine Warning,HIGH,0,P0217,2022,5,Open
974,VH024,2022-05-02,Abs Fault,LOW,1,UNKNOWN,2022,5,Resolved
975,VH307,2022-05-03,Abs Fault,HIGH,1,P0420,2022,5,Resolved
976,VH228,2022-05-03,Abs Fault,MEDIUM,0,P0217,2022,5,Open
977,VH194,2022-05-04,Oil Level Low,LOW,1,P0217,2022,5,Resolved
978,VH453,2022-05-04,Engine Warning,MEDIUM,1,P0300,2022,5,Resolved
979,VH012,2022-05-05,Oil Level Low,LOW,0,UNKNOWN,2022,5,Open
980,VH409,2022-05-05,Abs Fault,LOW,0,P0300,2022,5,Open
981,VH105,2022-05-06,Brake Wear,HIGH,1,P0300,2022,5,Resolved
982,VH408,2022-05-06,Brake Wear,MEDIUM,1,P0420,2022,5,Resolved
983,VH121,2022-05-07,Oil Level Low,HIGH,1,B0020,2022,5,Resolved
984,VH217,2022-05-07,Battery Low,LOW,0,P0420,2022,5,Open
985,VH128,2022-05-08,Overheating,HIGH,1,B0020,2022,5,Resolved
986,VH172,2022-05-08,Overheating,LOW,0,P0420,2022,5,Open
987,VH301,2022-05-09,Engine Warning,MEDIUM,0,UNKNOWN,2022,5,Open
988,VH185,2022-05-09,Brake Wear,MEDIUM,1,P0217,2022,5,Resolved
989,VH045,2022-05-10,Overheating,MEDIUM,0,P0217,2022,5,Open
990,VH122,2022-05-10,Brake Wear,MEDIUM,0,B0020,2022,5,Open
991,VH274,2022-05-11,Abs Fault,HIGH,1,B0020,2022,5,Resolved
992,VH051,2022-05-11,Brake Wear,HIGH,0,B0020,2022,5,Open
993,VH404,2022-05-12,Brake Wear,LOW,1,C0031,2022,5,Resolved
994,VH097,2022-05-12,Overheating,MEDIUM,1,P0300,2022,5,Resolved
995,VH349,2022-05-13,Overheating,MEDIUM,1,C0031,2022,5,Resolved
996,VH285,2022-05-13,Abs Fault,HIGH,1,C0031,2022,5,Resolved
997,VH342,2022-05-14,Overheating,LOW,0,UNKNOWN,2022,5,Open
998,VH076,2022-05-14,Oil Level Low,LOW,1,UNKNOWN,2022,5,Resolved
999,VH191,2022-05-15,Overheating,HIGH,1,P0217,2022,5,Resolved
1000,VH162,2022-05-15,Brake Wear,HIGH,0,B0020,2022,5,Open
1001,VH068,2022-05-16,Abs Fault,HIGH,1,P0217,2022,5,Resolved
1002,VH261,2022-05-16,Brake Wear,MEDIUM,0,B0020,2022,5,Open
1003,VH372,2022-05-17,Abs Fault,HIGH,1,UNKNOWN,2022,5,Resolved
1004,VH378,2022-05-17,Engine Warning,LOW,1,UNKNOWN,2022,5,Resolved
1005,VH330,2022-05-18,Battery Low,MEDIUM,1,C0031,2022,5,Resolved
1006,VH406,2022-05-18,Oil Level Low,LOW,1,P0300,2022,5,Resolved
1007,VH121,2022-05-19,Abs Fault,LOW,1,P0217,2022,5,Resolved
1008,VH153,2022-05-19,Engine Warning,HIGH,1,C0031,2022,5,Resolved
1009,VH190,2022-05-20,Abs Fault,MEDIUM,1,UNKNOWN,2022,5,Resolved
1010,VH385,2022-05-20,Oil Level Low,MEDIUM,1,B0020,2022,5,Resolved
1011,VH202,2022-05-21,Oil Level Low,LOW,1,P0217,2022,5,Resolved
1012,VH079,2022-05-21,Brake Wear,MEDIUM,0,UNKNOWN,2022,5,Open
1013,VH168,2022-05-22,Brake Wear,MEDIUM,0,P0300,2022,5,Open
1014,VH287,2022-05-22,Brake Wear,MEDIUM,1,P0217,2022,5,Resolved
1015,VH117,2022-05-23,Brake Wear,LOW,1,B0020,2022,5,Resolved
1016,VH209,2022-05-23,Engine Warning,HIGH,1,C0031,2022,5,Resolved
1017,VH204,2022-05-24,Battery Low,LOW,1,UNKNOWN,2022,5,Resolved
1018,VH261,2022-05-24,Battery Low,LOW,1,C0031,2022,5,Resolved
1019,VH230,2022-05-25,Abs Fault,MEDIUM,1,P0300,2022,5,Resolved
1020,VH432,2022-05-25,Engine Warning,HIGH,0,P0300,2022,5,Open
1021,VH231,2022-05-26,Battery Low,LOW,1,C0031,2022,5,Resolved
1022,VH115,2022-05-26,Abs Fault,MEDIUM,1,P0420,2022,5,Resolved
1023,VH073,2022-05-27,Overheating,MEDIUM,0,C0031,2022,5,Open
1024,VH307,2022-05-27,Overheating,LOW,0,B0020,2022,5,Open
1025,VH337,2022-05-28,Overheating,LOW,0,P0217,2022,5,Open
1026,VH157,2022-05-28,Brake Wear,LOW,1,P0420,2022,5,Resolved
1027,VH179,2022-05-29,Overheating,LOW,0,C0031,2022,5,Open
1028,VH311,2022-05-29,Abs Fault,MEDIUM,1,P0217,2022,5,Resolved
1029,VH426,2022-05-30,Oil Level Low,HIGH,1,UNKNOWN,2022,5,Resolved
1030,VH081,2022-05-30,Oil Level Low,MEDIUM,1,P0300,2022,5,Resolved
1031,VH366,2022-05-31,Abs Fault,LOW,1,UNKNOWN,2022,5,Resolved
1032,VH334,2022-05-31,Engine Warning,HIGH,1,C0031,2022,5,Resolved
1033,VH404,2022-06-01,Oil Level Low,MEDIUM,1,P0420,2022,6,Resolved
1034,VH247,2022-06-01,Abs Fault,HIGH,1,B0020,2022,6,Resolved
1035,VH111,2022-06-02,Abs Fault,LOW,1,P0217,2022,6,Resolved
1036,VH347,2022-06-02,Engine Warning,MEDIUM,1,UNKNOWN,2022,6,Resolved
1037,VH444,2022-06-03,Battery Low,MEDIUM,0,P0217,2022,6,Open
1038,VH115,2022-06-03,Oil Level Low,MEDIUM,0,C0031,2022,6,Open
1039,VH039,2022-06-04,Abs Fault,HIGH,0,B0020,2022,6,Open
1040,VH240,2022-06-04,Abs Fault,LOW,1,B0020,2022,6,Resolved
1041,VH445,2022-06-05,Oil Level Low,MEDIUM,1,P0300,2022,6,Resolved
1042,VH448,2022-06-05,Engine Warning,HIGH,1,C0031,2022,6,Resolved
1043,VH212,2022-06-06,Oil Level Low,HIGH,1,UNKNOWN,2022,6,Resolved
1044,VH407,2022-06-06,Engine Warning,HIGH,1,UNKNOWN,2022,6,Resolved
1045,VH265,2022-06-07,Oil Level Low,MEDIUM,0,P0300,2022,6,Open
1046,VH378,2022-06-07,Abs Fault,LOW,1,P0217,2022,6,Resolved
1047,VH181,2022-06-08,Brake Wear,HIGH,0,UNKNOWN,2022,6,Open
1048,VH179,2022-06-08,Battery Low,MEDIUM,1,P0300,2022,6,Resolved
1049,VH241,2022-06-09,Oil Level Low,MEDIUM,0,UNKNOWN,2022,6,Open
1050,VH339,2022-06-09,Abs Fault,LOW,1,C0031,2022,6,Resolved
1051,VH416,2022-06-10,Battery Low,MEDIUM,0,UNKNOWN,2022,6,Open
1052,VH052,2022-06-10,Oil Level Low,MEDIUM,1,P0300,2022,6,Resolved
1053,VH140,2022-06-11,Oil Level Low,HIGH,1,UNKNOWN,2022,6,Resolved
1054,VH322,2022-06-11,Brake Wear,MEDIUM,0,UNKNOWN,2022,6,Open
1055,VH356,2022-06-12,Overheating,HIGH,0,UNKNOWN,2022,6,Open
1056,VH277,2022-06-12,Overheating,MEDIUM,1,B0020,2022,6,Resolved
1057,VH168,2022-06-13,Battery Low,MEDIUM,1,UNKNOWN,2022,6,Resolved
1058,VH235,2022-06-13,Battery Low,HIGH,1,P0217,2022,6,Resolved
1059,VH011,2022-06-14,Brake Wear,HIGH,1,B0020,2022,6,Resolved
1060,VH061,2022-06-14,Engine Warning,LOW,0,UNKNOWN,2022,6,Open
1061,VH284,2022-06-15,Battery Low,HIGH,1,UNKNOWN,2022,6,Resolved
1062,VH460,2022-06-15,Overheating,MEDIUM,1,P0300,2022,6,Resolved
1063,VH261,2022-06-16,Brake Wear,LOW,0,P0217,2022,6,Open
1064,VH370,2022-06-16,Engine Warning,MEDIUM,1,C0031,2022,6,Resolved
1065,VH447,2022-06-17,Abs Fault,MEDIUM,1,P0300,2022,6,Resolved
1066,VH015,2022-06-17,Brake Wear,LOW,0,P0217,2022,6,Open
1067,VH416,2022-06-18,Overheating,MEDIUM,1,C0031,2022,6,Resolved
1068,VH337,2022-06-18,Abs Fault,MEDIUM,0,P0420,2022,6,Open
1069,VH297,2022-06-19,Brake Wear,HIGH,1,P0300,2022,6,Resolved
1070,VH420,2022-06-19,Oil Level Low,HIGH,0,C0031,2022,6,Open
1071,VH078,2022-06-20,Overheating,HIGH,1,P0420,2022,6,Resolved
1072,VH361,2022-06-20,Engine Warning,LOW,0,UNKNOWN,2022,6,Open
1073,VH393,2022-06-21,Brake Wear,MEDIUM,1,P0300,2022,6,Resolved
1074,VH337,2022-06-21,Overheating,HIGH,1,C0031,2022,6,Resolved
1075,VH172,2022-06-22,Overheating,MEDIUM,1,P0300,2022,6,Resolved
1076,VH135,2022-06-22,Engine Warning,HIGH,1,B0020,2022,6,Resolved
1077,VH251,2022-06-23,Overheating,LOW,1,UNKNOWN,2022,6,Resolved
1078,VH352,2022-06-23,Engine Warning,MEDIUM,0,P0420,2022,6,Open
1079,VH044,2022-06-24,Overheating,HIGH,0,P0217,2022,6,Open
1080,VH428,2022-06-24,Brake Wear,LOW,1,P0217,2022,6,Resolved
1081,VH262,2022-06-25,Engine Warning,LOW,1,P0300,2022,6,Resolved
1082,VH400,2022-06-25,Engine Warning,MEDIUM,1,P0300,2022,6,Resolved
1083,VH194,2022-06-26,Overheating,LOW,1,B0020,2022,6,Resolved
1084,VH458,2022-06-26,Abs Fault,MEDIUM,1,P0420,2022,6,Resolved
1085,VH004,2022-06-27,Oil Level Low,LOW,1,P0300,2022,6,Resolved
1086,VH064,2022-06-27,Abs Fault,LOW,0,P0217,2022,6,Open
1087,VH261,2022-06-28,Abs Fault,MEDIUM,0,P0420,2022,6,Open
1088,VH165,2022-06-28,Engine Warning,HIGH,1,P0420,2022,6,Resolved
1089,VH103,2022-06-29,Oil Level Low,MEDIUM,1,B0020,2022,6,Resolved
1090,VH154,2022-06-29,Abs Fault,LOW,0,UNKNOWN,2022,6,Open
1091,VH158,2022-06-30,Battery Low,MEDIUM,0,P0300,2022,6,Open
1092,VH386,2022-06-30,Brake Wear,MEDIUM,1,P0420,2022,6,Resolved
1093,VH371,2022-07-01,Oil Level Low,HIGH,1,B0020,2022,7,Resolved
1094,VH402,2022-07-01,Abs Fault,MEDIUM,1,UNKNOWN,2022,7,Resolved
1095,VH263,2022-07-02,Abs Fault,HIGH,0,B0020,2022,7,Open
1096,VH366,2022-07-02,Brake Wear,LOW,0,B0020,2022,7,Open
1097,VH111,2022-07-03,Engine Warning,HIGH,1,UNKNOWN,2022,7,Resolved
1098,VH087,2022-07-03,Abs Fault,HIGH,1,B0020,2022,7,Resolved
1099,VH148,2022-07-04,Brake Wear,MEDIUM,1,P0300,2022,7,Resolved
1100,VH271,2022-07-04,Oil Level Low,MEDIUM,0,B0020,2022,7,Open
1101,VH436,2022-07-05,Abs Fault,LOW,1,UNKNOWN,2022,7,Resolved
1102,VH374,2022-07-05,Abs Fault,HIGH,1,P0420,2022,7,Resolved
1103,VH156,2022-07-06,Engine Warning,LOW,1,C0031,2022,7,Resolved
1104,VH494,2022-07-06,Abs Fault,MEDIUM,0,UNKNOWN,2022,7,Open
1105,VH448,2022-07-07,Oil Level Low,LOW,1,P0300,2022,7,Resolved
1106,VH323,2022-07-07,Engine Warning,HIGH,1,C0031,2022,7,Resolved
1107,VH131,2022-07-08,Oil Level Low,MEDIUM,1,UNKNOWN,2022,7,Resolved
1108,VH185,2022-07-08,Engine Warning,MEDIUM,1,UNKNOWN,2022,7,Resolved
1109,VH055,2022-07-09,Abs Fault,MEDIUM,1,B0020,2022,7,Resolved
1110,VH396,2022-07-09,Oil Level Low,MEDIUM,1,P0300,2022,7,Resolved
1111,VH192,2022-07-10,Battery Low,LOW,0,P0217,2022,7,Open
1112,VH057,2022-07-10,Oil Level Low,HIGH,1,C0031,2022,7,Resolved
1113,VH482,2022-07-11,Oil Level Low,MEDIUM,0,P0420,2022,7,Open
1114,VH036,2022-07-11,Battery Low,MEDIUM,1,UNKNOWN,2022,7,Resolved
1115,VH392,2022-07-12,Brake Wear,MEDIUM,0,P0217,2022,7,Open
1116,VH265,2022-07-12,Engine Warning,LOW,0,P0217,2022,7,Open
1117,VH163,2022-07-13,Abs Fault,LOW,0,C0031,2022,7,Open
1118,VH382,2022-07-13,Oil Level Low,LOW,1,P0420,2022,7,Resolved
1119,VH088,2022-07-14,Brake Wear,MEDIUM,0,P0300,2022,7,Open
1120,VH472,2022-07-14,Overheating,MEDIUM,0,P0217,2022,7,Open
1121,VH419,2022-07-15,Brake Wear,MEDIUM,1,P0300,2022,7,Resolved
1122,VH139,2022-07-15,Overheating,HIGH,1,P0217,2022,7,Resolved
1123,VH376,2022-07-16,Engine Warning,LOW,1,B0020,2022,7,Resolved
1124,VH390,2022-07-16,Overheating,HIGH,0,UNKNOWN,2022,7,Open
1125,VH409,2022-07-17,Battery Low,LOW,1,P0217,2022,7,Resolved
1126,VH001,2022-07-17,Battery Low,HIGH,0,P0300,2022,7,Open
1127,VH265,2022-07-18,Brake Wear,MEDIUM,1,P0420,2022,7,Resolved
1128,VH125,2022-07-18,Battery Low,MEDIUM,0,C0031,2022,7,Open
1129,VH120,2022-07-19,Battery Low,MEDIUM,1,P0420,2022,7,Resolved
1130,VH460,2022-07-19,Brake Wear,HIGH,0,P0217,2022,7,Open
1131,VH333,2022-07-20,Oil Level Low,HIGH,1,P0300,2022,7,Resolved
1132,VH029,2022-07-20,Engine Warning,LOW,0,B0020,2022,7,Open
1133,VH302,2022-07-21,Overheating,LOW,1,P0420,2022,7,Resolved
1134,VH288,2022-07-21,Brake Wear,MEDIUM,1,B0020,2022,7,Resolved
1135,VH159,2022-07-22,Battery Low,HIGH,1,C0031,2022,7,Resolved
1136,VH218,2022-07-22,Overheating,MEDIUM,1,B0020,2022,7,Resolved
1137,VH360,2022-07-23,Oil Level Low,MEDIUM,1,C0031,2022,7,Resolved
1138,VH472,2022-07-23,Abs Fault,HIGH,0,B0020,2022,7,Open
1139,VH207,2022-07-24,Engine Warning,LOW,0,P0217,2022,7,Open
1140,VH362,2022-07-24,Engine Warning,MEDIUM,1,B0020,2022,7,Resolved
1141,VH375,2022-07-25,Battery Low,LOW,0,UNKNOWN,2022,7,Open
1142,VH243,2022-07-25,Oil Level Low,LOW,1,P0420,2022,7,Resolved
1143,VH262,2022-07-26,Engine Warning,LOW,1,P0420,2022,7,Resolved
1144,VH157,2022-07-26,Overheating,MEDIUM,1,P0420,2022,7,Resolved
1145,VH159,2022-07-27,Overheating,MEDIUM,0,C0031,2022,7,Open
1146,VH400,2022-07-27,Abs Fault,MEDIUM,1,C0031,2022,7,Resolved
1147,VH202,2022-07-28,Battery Low,HIGH,1,P0217,2022,7,Resolved
1148,VH255,2022-07-28,Oil Level Low,LOW,0,C0031,2022,7,Open
1149,VH120,2022-07-29,Overheating,MEDIUM,1,P0217,2022,7,Resolved
1150,VH493,2022-07-29,Engine Warning,HIGH,1,B0020,2022,7,Resolved
1151,VH360,2022-07-30,Overheating,HIGH,1,P0300,2022,7,Resolved
1152,VH255,2022-07-30,Abs Fault,HIGH,1,P0420,2022,7,Resolved
1153,VH132,2022-07-31,Engine Warning,MEDIUM,1,P0420,2022,7,Resolved
1154,VH349,2022-07-31,Oil Level Low,LOW,0,P0217,2022,7,Open
1155,VH128,2022-08-01,Battery Low,HIGH,1,C0031,2022,8,Resolved
1156,VH136,2022-08-01,Abs Fault,MEDIUM,1,UNKNOWN,2022,8,Resolved
1157,VH360,2022-08-02,Abs Fault,MEDIUM,0,B0020,2022,8,Open
1158,VH459,2022-08-02,Battery Low,MEDIUM,0,P0217,2022,8,Open
1159,VH321,2022-08-03,Battery Low,HIGH,1,P0420,2022,8,Resolved
1160,VH363,2022-08-03,Brake Wear,MEDIUM,1,UNKNOWN,2022,8,Resolved
1161,VH037,2022-08-04,Battery Low,MEDIUM,0,P0217,2022,8,Open
1162,VH087,2022-08-04,Battery Low,LOW,1,P0300,2022,8,Resolved
1163,VH414,2022-08-05,Engine Warning,HIGH,0,P0300,2022,8,Open
1164,VH207,2022-08-05,Abs Fault,LOW,1,P0300,2022,8,Resolved
1165,VH221,2022-08-06,Oil Level Low,LOW,1,B0020,2022,8,Resolved
1166,VH408,2022-08-06,Oil Level Low,LOW,1,P0300,2022,8,Resolved
1167,VH457,2022-08-07,Overheating,LOW,0,B0020,2022,8,Open
1168,VH171,2022-08-07,Battery Low,LOW,1,UNKNOWN,2022,8,Resolved
1169,VH139,2022-08-08,Oil Level Low,LOW,1,UNKNOWN,2022,8,Resolved
1170,VH079,2022-08-08,Oil Level Low,HIGH,1,B0020,2022,8,Resolved
1171,VH189,2022-08-09,Abs Fault,HIGH,0,P0420,2022,8,Open
1172,VH108,2022-08-09,Oil Level Low,HIGH,1,C0031,2022,8,Resolved
1173,VH110,2022-08-10,Oil Level Low,LOW,1,P0300,2022,8,Resolved
1174,VH294,2022-08-10,Engine Warning,MEDIUM,0,C0031,2022,8,Open
1175,VH176,2022-08-11,Battery Low,LOW,0,P0217,2022,8,Open
1176,VH410,2022-08-11,Oil Level Low,MEDIUM,0,B0020,2022,8,Open
1177,VH128,2022-08-12,Engine Warning,LOW,0,B0020,2022,8,Open
1178,VH365,2022-08-12,Brake Wear,LOW,1,C0031,2022,8,Resolved
1179,VH485,2022-08-13,Overheating,MEDIUM,0,P0217,2022,8,Open
1180,VH024,2022-08-13,Engine Warning,LOW,1,C0031,2022,8,Resolved
1181,VH214,2022-08-14,Overheating,LOW,1,P0420,2022,8,Resolved
1182,VH338,2022-08-14,Overheating,HIGH,1,UNKNOWN,2022,8,Resolved
1183,VH073,2022-08-15,Brake Wear,LOW,1,P0300,2022,8,Resolved
1184,VH221,2022-08-15,Brake Wear,MEDIUM,1,B0020,2022,8,Resolved
1185,VH352,2022-08-16,Brake Wear,MEDIUM,1,UNKNOWN,2022,8,Resolved
1186,VH140,2022-08-16,Engine Warning,MEDIUM,1,P0217,2022,8,Resolved
1187,VH105,2022-08-17,Brake Wear,LOW,1,P0217,2022,8,Resolved
1188,VH145,2022-08-17,Abs Fault,LOW,1,B0020,2022,8,Resolved
1189,VH217,2022-08-18,Oil Level Low,LOW,1,P0217,2022,8,Resolved
1190,VH437,2022-08-18,Engine Warning,HIGH,1,P0217,2022,8,Resolved
1191,VH270,2022-08-19,Battery Low,LOW,0,P0300,2022,8,Open
1192,VH153,2022-08-19,Brake Wear,HIGH,0,P0420,2022,8,Open
1193,VH475,2022-08-20,Engine Warning,MEDIUM,1,P0420,2022,8,Resolved
1194,VH269,2022-08-20,Brake Wear,HIGH,1,B0020,2022,8,Resolved
1195,VH293,2022-08-21,Overheating,MEDIUM,1,UNKNOWN,2022,8,Resolved
1196,VH266,2022-08-21,Oil Level Low,MEDIUM,1,P0420,2022,8,Resolved
1197,VH374,2022-08-22,Overheating,MEDIUM,0,UNKNOWN,2022,8,Open
1198,VH073,2022-08-22,Brake Wear,HIGH,1,P0420,2022,8,Resolved
1199,VH461,2022-08-23,Engine Warning,MEDIUM,0,P0420,2022,8,Open
1200,VH391,2022-08-23,Abs Fault,MEDIUM,1,P0420,2022,8,Resolved
1201,VH398,2022-08-24,Oil Level Low,LOW,0,UNKNOWN,2022,8,Open
1202,VH124,2022-08-24,Overheating,MEDIUM,1,UNKNOWN,2022,8,Resolved
1203,VH100,2022-08-25,Oil Level Low,MEDIUM,1,C0031,2022,8,Resolved
1204,VH374,2022-08-25,Oil Level Low,LOW,1,UNKNOWN,2022,8,Resolved
1205,VH488,2022-08-26,Brake Wear,LOW,1,C0031,2022,8,Resolved
1206,VH261,2022-08-26,Oil Level Low,HIGH,1,P0300,2022,8,Resolved
1207,VH013,2022-08-27,Battery Low,MEDIUM,0,P0420,2022,8,Open
1208,VH020,2022-08-27,Battery Low,LOW,0,P0217,2022,8,Open
1209,VH028,2022-08-28,Overheating,LOW,0,C0031,2022,8,Open
1210,VH115,2022-08-28,Overheating,LOW,1,P0420,2022,8,Resolved
1211,VH436,2022-08-29,Abs Fault,HIGH,0,UNKNOWN,2022,8,Open
1212,VH207,2022-08-29,Engine Warning,MEDIUM,1,P0217,2022,8,Resolved
1213,VH423,2022-08-30,Brake Wear,MEDIUM,1,B0020,2022,8,Resolved
1214,VH379,2022-08-30,Overheating,MEDIUM,1,C0031,2022,8,Resolved
1215,VH277,2022-08-31,Engine Warning,MEDIUM,1,P0300,2022,8,Resolved
1216,VH192,2022-08-31,Abs Fault,LOW,1,B0020,2022,8,Resolved
1217,VH017,2022-09-01,Overheating,MEDIUM,0,P0217,2022,9,Open
1218,VH198,2022-09-01,Engine Warning,MEDIUM,0,C0031,2022,9,Open
1219,VH494,2022-09-02,Brake Wear,MEDIUM,1,C0031,2022,9,Resolved
1220,VH110,2022-09-02,Brake Wear,MEDIUM,1,P0420,2022,9,Resolved
1221,VH025,2022-09-03,Overheating,HIGH,0,B0020,2022,9,Open
1222,VH074,2022-09-03,Battery Low,LOW,1,P0420,2022,9,Resolved
1223,VH462,2022-09-04,Oil Level Low,MEDIUM,0,P0300,2022,9,Open
1224,VH019,2022-09-04,Overheating,HIGH,0,B0020,2022,9,Open
1225,VH372,2022-09-05,Engine Warning,HIGH,0,C0031,2022,9,Open
1226,VH267,2022-09-05,Brake Wear,HIGH,0,P0217,2022,9,Open
1227,VH032,2022-09-06,Overheating,LOW,1,P0300,2022,9,Resolved
1228,VH266,2022-09-06,Brake Wear,MEDIUM,0,P0420,2022,9,Open
1229,VH239,2022-09-07,Overheating,MEDIUM,1,P0420,2022,9,Resolved
1230,VH226,2022-09-07,Brake Wear,MEDIUM,1,UNKNOWN,2022,9,Resolved
1231,VH115,2022-09-08,Battery Low,LOW,0,P0300,2022,9,Open
1232,VH044,2022-09-08,Engine Warning,LOW,0,B0020,2022,9,Open
1233,VH093,2022-09-09,Overheating,HIGH,0,P0300,2022,9,Open
1234,VH093,2022-09-09,Brake Wear,LOW,1,B0020,2022,9,Resolved
1235,VH214,2022-09-10,Overheating,HIGH,1,P0300,2022,9,Resolved
1236,VH370,2022-09-10,Engine Warning,MEDIUM,0,UNKNOWN,2022,9,Open
1237,VH334,2022-09-11,Overheating,HIGH,0,UNKNOWN,2022,9,Open
1238,VH443,2022-09-11,Oil Level Low,LOW,1,P0300,2022,9,Resolved
1239,VH258,2022-09-12,Brake Wear,LOW,1,C0031,2022,9,Resolved
1240,VH268,2022-09-12,Engine Warning,HIGH,1,B0020,2022,9,Resolved
1241,VH086,2022-09-13,Abs Fault,MEDIUM,1,P0300,2022,9,Resolved
1242,VH065,2022-09-13,Battery Low,LOW,1,P0420,2022,9,Resolved
1243,VH242,2022-09-14,Oil Level Low,HIGH,1,P0420,2022,9,Resolved
1244,VH076,2022-09-14,Overheating,HIGH,1,UNKNOWN,2022,9,Resolved
1245,VH332,2022-09-15,Abs Fault,MEDIUM,1,B0020,2022,9,Resolved
1246,VH068,2022-09-15,Overheating,LOW,1,P0300,2022,9,Resolved
1247,VH273,2022-09-16,Oil Level Low,HIGH,1,B0020,2022,9,Resolved
1248,VH181,2022-09-16,Battery Low,MEDIUM,1,P0300,2022,9,Resolved
1249,VH240,2022-09-17,Battery Low,LOW,1,C0031,2022,9,Resolved
1250,VH403,2022-09-17,Overheating,MEDIUM,0,P0217,2022,9,Open
1251,VH122,2022-09-18,Overheating,HIGH,1,P0420,2022,9,Resolved
1252,VH385,2022-09-18,Battery Low,MEDIUM,1,UNKNOWN,2022,9,Resolved
1253,VH052,2022-09-19,Battery Low,LOW,1,B0020,2022,9,Resolved
1254,VH017,2022-09-19,Battery Low,MEDIUM,1,P0420,2022,9,Resolved
1255,VH482,2022-09-20,Abs Fault,LOW,1,P0300,2022,9,Resolved
1256,VH235,2022-09-20,Overheating,HIGH,1,P0420,2022,9,Resolved
1257,VH442,2022-09-21,Brake Wear,MEDIUM,1,P0300,2022,9,Resolved
1258,VH455,2022-09-21,Oil Level Low,HIGH,1,B0020,2022,9,Resolved
1259,VH318,2022-09-22,Battery Low,MEDIUM,1,UNKNOWN,2022,9,Resolved
1260,VH417,2022-09-22,Overheating,MEDIUM,0,UNKNOWN,2022,9,Open
1261,VH326,2022-09-23,Engine Warning,HIGH,1,P0217,2022,9,Resolved
1262,VH308,2022-09-23,Overheating,MEDIUM,1,C0031,2022,9,Resolved
1263,VH262,2022-09-24,Brake Wear,MEDIUM,1,C0031,2022,9,Resolved
1264,VH096,2022-09-24,Brake Wear,LOW,0,P0420,2022,9,Open
1265,VH220,2022-09-25,Abs Fault,LOW,0,B0020,2022,9,Open
1266,VH357,2022-09-25,Battery Low,LOW,1,B0020,2022,9,Resolved
1267,VH320,2022-09-26,Oil Level Low,LOW,0,UNKNOWN,2022,9,Open
1268,VH349,2022-09-26,Overheating,MEDIUM,1,C0031,2022,9,Resolved
1269,VH059,2022-09-27,Oil Level Low,LOW,0,P0300,2022,9,Open
1270,VH107,2022-09-27,Engine Warning,LOW,0,C0031,2022,9,Open
1271,VH478,2022-09-28,Oil Level Low,LOW,1,UNKNOWN,2022,9,Resolved
1272,VH022,2022-09-28,Oil Level Low,HIGH,0,P0420,2022,9,Open
1273,VH325,2022-09-29,Battery Low,HIGH,0,C0031,2022,9,Open
1274,VH477,2022-09-29,Engine Warning,HIGH,1,P0300,2022,9,Resolved
1275,VH386,2022-09-30,Abs Fault,HIGH,1,UNKNOWN,2022,9,Resolved
1276,VH458,2022-09-30,Brake Wear,MEDIUM,0,P0420,2022,9,Open
1277,VH046,2022-10-01,Oil Level Low,MEDIUM,1,P0300,2022,10,Resolved
1278,VH468,2022-10-01,Engine Warning,HIGH,1,P0217,2022,10,Resolved
1279,VH446,2022-10-02,Engine Warning,LOW,1,P0420,2022,10,Resolved
1280,VH052,2022-10-02,Brake Wear,MEDIUM,1,P0300,2022,10,Resolved
1281,VH245,2022-10-03,Battery Low,HIGH,0,C0031,2022,10,Open
1282,VH466,2022-10-03,Engine Warning,LOW,1,P0217,2022,10,Resolved
1283,VH173,2022-10-04,Brake Wear,HIGH,1,P0300,2022,10,Resolved
1284,VH381,2022-10-04,Overheating,MEDIUM,1,UNKNOWN,2022,10,Resolved
1285,VH099,2022-10-05,Engine Warning,LOW,1,C0031,2022,10,Resolved
1286,VH181,2022-10-05,Overheating,MEDIUM,0,P0217,2022,10,Open
1287,VH036,2022-10-06,Overheating,MEDIUM,1,UNKNOWN,2022,10,Resolved
1288,VH435,2022-10-06,Engine Warning,HIGH,1,B0020,2022,10,Resolved
1289,VH018,2022-10-07,Brake Wear,HIGH,0,P0217,2022,10,Open
1290,VH012,2022-10-07,Overheating,MEDIUM,1,P0300,2022,10,Resolved
1291,VH313,2022-10-08,Battery Low,LOW,1,P0300,2022,10,Resolved
1292,VH114,2022-10-08,Oil Level Low,HIGH,1,P0420,2022,10,Resolved
1293,VH430,2022-10-09,Abs Fault,LOW,1,P0300,2022,10,Resolved
1294,VH217,2022-10-09,Overheating,MEDIUM,1,P0300,2022,10,Resolved
1295,VH484,2022-10-10,Overheating,LOW,0,B0020,2022,10,Open
1296,VH384,2022-10-10,Oil Level Low,MEDIUM,0,B0020,2022,10,Open
1297,VH490,2022-10-11,Brake Wear,MEDIUM,1,UNKNOWN,2022,10,Resolved
1298,VH041,2022-10-11,Battery Low,HIGH,1,C0031,2022,10,Resolved
1299,VH377,2022-10-12,Battery Low,LOW,1,B0020,2022,10,Resolved
1300,VH250,2022-10-12,Overheating,HIGH,0,UNKNOWN,2022,10,Open
