driver_id,driver_name,vehicle_id,city,experience
DR001,Gaurav Choudhury,VH069,Hyderabad,8
DR002,Chaitanya Morar,VH131,Bengaluru,14
DR003,Aarnav Pradhan,VH087,Hyderabad,3
DR004,Ishanvi Bera,VH218,Bengaluru,16
DR005,Warda Bhavsar,VH421,Mumbai,13
DR006,Praneel Contractor,VH472,Mumbai,10
DR007,Abhimanyu Chander,VH305,Chennai,13
DR008,Raagini Sarna,VH403,Delhi,6
DR009,Lakshit Barad,VH371,Chennai,17
DR010,Ojasvi Vasa,VH345,Bengaluru,14
DR011,Chandani Shetty,VH341,Chennai,17
DR012,Ekantika Gaba,VH384,Hyderabad,8
DR013,Ishita Rama,VH396,Bengaluru,11
DR014,Warjas Mitter,VH445,Mumbai,1
DR015,Nihal Mohan,VH425,Delhi,7
DR016,Samaksh Baria,VH161,Bengaluru,17
DR017,Krisha Doshi,VH178,Bengaluru,10
DR018,Rushil Buch,VH117,Hyderabad,11
DR019,Urvashi Dash,VH196,Delhi,9
DR020,Kala Sawhney,VH383,Mumbai,9
DR021,Vasana Bora,VH490,Bengaluru,5
DR022,Jonathan Seth,VH327,Bengaluru,17
DR023,Aishani Trivedi,VH086,Hyderabad,9
DR024,Ijaya Saxena,VH289,Chennai,17
DR025,Yashasvi Barad,VH081,Mumbai,19
DR026,Anvi Chokshi,VH152,Delhi,7
DR027,Balveer Gopal,VH061,Bengaluru,9
DR028,Madhav Amble,VH061,Bengaluru,7
DR029,Chameli Deshpande,VH354,Mumbai,13
DR030,Pallavi Tara,VH028,Chennai,11
DR031,Devansh Acharya,VH442,Bengaluru,14
DR032,Faras Parekh,VH043,Mumbai,19
DR033,Adya Virk,VH169,Hyderabad,11
DR034,Mekhala Dhaliwal,VH423,Chennai,13
DR035,Anika Seth,VH086,Delhi,14
DR036,Aishani Bal,VH177,Bengaluru,13
DR037,Gaurika Buch,VH017,Mumbai,1
DR038,Amara Bahri,VH098,Hyderabad,8
DR039,Nihal Narayanan,VH454,Delhi,12
DR040,Neelima Garg,VH494,Mumbai,19
DR041,Samar Ghose,VH198,Mumbai,12
DR042,Chaman Chokshi,VH098,Delhi,8
DR043,Unnati Ravel,VH065,Hyderabad,8
DR044,Jairaj Merchant,VH330,Hyderabad,13
DR045,Saumya Chandran,VH341,Chennai,12
DR046,Aahana Sahni,VH005,Bengaluru,16
DR047,Simon Taneja,VH002,Delhi,10
DR048,Unnati Ganesan,VH022,Delhi,13
DR049,Onveer Bassi,VH112,Delhi,7
DR050,Chavvi Sachar,VH057,Hyderabad,10
DR051,Oliver Natt,VH066,Bengaluru,8
DR052,Shivani Morar,VH330,Chennai,14
DR053,Oscar Ben,VH098,Mumbai,13
DR054,Divya Trivedi,VH144,Mumbai,15
DR055,Ikshita Sule,VH368,Delhi,17
DR056,Kevin Dewan,VH435,Bengaluru,15
DR057,Harish Nagarajan,VH125,Hyderabad,18
DR058,Warjas Wable,VH167,Bengaluru,10
DR059,Vasatika Narain,VH086,Bengaluru,2
DR060,Peter Kari,VH076,Hyderabad,4
DR061,Edhitha Wable,VH344,Delhi,1
DR062,Chaitanya Panchal,VH495,Bengaluru,4
DR063,Vaishnavi Bhatti,VH424,Mumbai,18
DR064,Ishanvi Acharya,VH294,Hyderabad,5
DR065,Bahadurjit Panchal,VH444,Chennai,19
DR066,Samar More,VH059,Delhi,15
DR067,Prisha Karnik,VH138,Hyderabad,8
DR068,Ekani Atwal,VH099,Chennai,17
DR069,Mason Kumer,VH192,Chennai,1
DR070,Elijah Patla,VH243,Bengaluru,12
DR071,Aryan Dhingra,VH319,Bengaluru,19
DR072,Sneha Buch,VH049,Bengaluru,15
DR073,Hemang Murthy,VH448,Hyderabad,9
DR074,Jacob Malhotra,VH032,Hyderabad,7
DR075,Lavanya Behl,VH391,Delhi,2
DR076,Pallavi Lalla,VH277,Bengaluru,9
DR077,Dhriti Sharaf,VH020,Chennai,10
DR078,Jasmit Kata,VH154,Mumbai,10
DR079,Advay Deo,VH383,Delhi,19
DR080,Manbir Maharaj,VH068,Hyderabad,11
DR081,Mason Deo,VH366,Delhi,13
DR082,Abhiram Bera,VH372,Delhi,10
DR083,Parth Ravi,VH214,Delhi,14
DR084,Avni Chawla,VH143,Delhi,18
DR085,Krishna Mangat,VH376,Mumbai,19
DR086,Om Savant,VH232,Bengaluru,9
DR087,Amrita Savant,VH213,Chennai,7
DR088,Anya Sinha,VH079,Delhi,3
DR089,Joshua Nigam,VH214,Delhi,6
DR090,Charan Bhatt,VH116,Delhi,2
DR091,Nicholas Mallick,VH092,Bengaluru,6
DR092,Vasudha Bobal,VH270,Hyderabad,3
DR093,Nathan Rastogi,VH411,Hyderabad,16
DR094,Yashawini Shankar,VH381,Mumbai,8
DR095,Harsh Grewal,VH489,Hyderabad,2
DR096,Sachi Parikh,VH168,Delhi,10
DR097,Aryan Gera,VH058,Delhi,9
DR098,Aradhana Nadkarni,VH284,Delhi,12
DR099,Lohit Mann,VH026,Mumbai,3
DR100,Ishani Kalita,VH369,Delhi,11
DR101,Chatura Savant,VH447,Hyderabad,1
DR102,Henry Din,VH066,Bengaluru,13
DR103,Vrinda Raman,VH409,Bengaluru,15
DR104,Tamanna Borde,VH248,Chennai,5
DR105,Shivani Shenoy,VH254,Hyderabad,17
DR106,Saumya Sawhney,VH387,Delhi,6
DR107,Bhavya Swaminathan,VH456,Bengaluru,11
DR108,Aarnav Shanker,VH044,Hyderabad,18
DR109,Harish Bir,VH097,Bengaluru,4
DR110,Rajeshri Pal,VH042,Delhi,3
DR111,Mason Jaggi,VH500,Bengaluru,13
DR112,Aahana Ganguly,VH227,Chennai,9
DR113,Yashica Dugar,VH262,Chennai,6
DR114,Hemangini Virk,VH167,Bengaluru,12
DR115,Azaan Kanda,VH436,Hyderabad,2
DR116,Mahika Bava,VH279,Hyderabad,3
DR117,Zashil Aggarwal,VH089,Hyderabad,3
DR118,Inaya Subramaniam,VH379,Bengaluru,10
DR119,Ekiya Som,VH178,Hyderabad,15
DR120,Ekbal Apte,VH427,Delhi,9
DR121,Hema Sood,VH403,Chennai,8
DR122,Vincent Naidu,VH197,Delhi,10
DR123,Anusha Bahri,VH307,Hyderabad,16
DR124,Geetika Nayar,VH267,Delhi,4
DR125,Aryan Wagle,VH268,Hyderabad,1
DR126,Vansha Kapoor,VH074,Bengaluru,7
DR127,Bina Lala,VH008,Delhi,2
DR128,Balveer Merchant,VH408,Bengaluru,5
DR129,Daksha Ben,VH476,Bengaluru,7
DR130,Parth Chakraborty,VH297,Mumbai,4
DR131,Chakrika Merchant,VH164,Hyderabad,5
DR132,Zaitra Andra,VH485,Chennai,1
DR133,Samar Hari,VH085,Hyderabad,1
DR134,Radhika Doshi,VH072,Chennai,15
DR135,Bhavika Varma,VH055,Hyderabad,19
DR136,Urishilla Deshmukh,VH393,Bengaluru,10
DR137,Vedika Rai,VH047,Delhi,18
DR138,Meghana Mall,VH399,Delhi,3
DR139,Qabil Sundaram,VH432,Mumbai,11
DR140,Ijaya Pall,VH238,Chennai,15
DR141,Abeer Varty,VH104,Chennai,11
DR142,Meera Mahajan,VH210,Chennai,17
DR143,Sudiksha Walla,VH042,Bengaluru,17
DR144,Yadavi Bansal,VH316,Chennai,6
DR145,Yuvraj Gill,VH468,Delhi,5
DR146,Jeremiah Chand,VH454,Bengaluru,8
DR147,Yug Pillay,VH268,Hyderabad,2
DR148,Vamakshi Chaudhari,VH386,Chennai,16
DR149,Ekapad Jain,VH263,Chennai,12
DR150,Yasti Rastogi,VH336,Hyderabad,6
DR151,Baghyawati Nagy,VH387,Chennai,1
DR152,Tanveer Aurora,VH365,Hyderabad,4
DR153,Christopher Balay,VH259,Bengaluru,17
DR154,Vihaan Tripathi,VH283,Delhi,13
DR155,Orinder Bobal,VH114,Hyderabad,18
DR156,Fariq Chawla,VH363,Mumbai,5
DR157,Yashasvi Issac,VH040,Hyderabad,3
DR158,Chameli Mahajan,VH486,Chennai,11
DR159,Anthony Dasgupta,VH417,Bengaluru,13
DR160,Aadhya Tella,VH220,Bengaluru,10
DR161,Nicholas Sundaram,VH129,Hyderabad,14
DR162,Krish Lanka,VH008,Delhi,11
DR163,Madhav Datta,VH101,Mumbai,10
DR164,Yash Chandra,VH416,Bengaluru,19
DR165,Anika Ganesan,VH380,Chennai,18
DR166,Mitesh Loke,VH176,Chennai,6
DR167,Rachit Choudhury,VH107,Delhi,15
DR168,Mason Chatterjee,VH101,Bengaluru,10
DR169,Pratyush Mann,VH260,Hyderabad,5
DR170,Ekansh Reddy,VH478,Chennai,5
DR171,Gagan Ramakrishnan,VH454,Delhi,10
DR172,Geetika Narang,VH366,Bengaluru,5
DR173,Janani Kota,VH246,Bengaluru,3
DR174,Widisha Sarna,VH275,Bengaluru,6
DR175,Nandini Warrior,VH032,Bengaluru,4
DR176,Omaja Shukla,VH137,Bengaluru,18
DR177,Nicholas Balasubramanian,VH012,Chennai,9
DR178,Bachittar Varughese,VH395,Delhi,17
DR179,Aradhana Krishnamurthy,VH302,Bengaluru,13
DR180,William Brar,VH375,Mumbai,15
DR181,Tanish Kothari,VH016,Mumbai,17
DR182,Aachal Lala,VH129,Delhi,13
DR183,Suhani Pradhan,VH063,Hyderabad,16
DR184,Hemani Pradhan,VH109,Hyderabad,4
DR185,Anya Walia,VH375,Hyderabad,5
DR186,Harini Cherian,VH021,Mumbai,5
DR187,Urishilla Amble,VH158,Hyderabad,9
DR188,Viraj Prakash,VH269,Chennai,17
DR189,Anamika Gola,VH162,Bengaluru,13
DR190,Turvi Sathe,VH260,Mumbai,2
DR191,Jalsa Saxena,VH412,Delhi,13
DR192,Ekbal Rajagopalan,VH102,Delhi,19
DR193,Isaac Gera,VH223,Bengaluru,3
DR194,Radha Lad,VH059,Mumbai,10
DR195,Vrinda Srinivasan,VH247,Hyderabad,2
DR196,Amara Parekh,VH128,Hyderabad,13
DR197,Robert Soni,VH283,Chennai,19
DR198,Hritik Behl,VH325,Chennai,17
DR199,Anjali Hayer,VH025,Hyderabad,14
DR200,Bhavya Prabhakar,VH131,Delhi,12
